ID,Fecha_Publicacion,Fecha_Incidente,Categoria,Publicacion,Distrito_Policiaco,Direccion,Hora,Latitud,Longitud,Coordenadas,Arrestos,Descripcion,Motivo,,,,,,,,,,,,,
1,02/01/16,1/1/2016,Balacera,Sábado,Veracruz,"Rincón Brujo, Maltrata",3:00,,,,0,Agreden a responsable de atropellar,Agresión,,,,,,,,,,,,,
2,09/01/16,1/8/2016,Asalto,Sábado,Veracruz,"Magueyes, Maltrata km. 239",23:00,18.829573,-97.255900,"18.829573, -97.255900",1,Robo de 90ton de azucar a 3 trailers,Asaltante ordena a chofer que chocara a Policia Federal,,,,,,,,,,,,,
3,10/01/16,1/9/2016,Asalto,Domingo,Veracruz,"Puerto del Aire, Acultzingo km. 34",18:00,18.699543,-97.336793,"18.699543, -97.336793",0,Asaltan y roban moto a pareja,,,,,,,,,,,,,,
4,16/01/16,1/14/2016,Robo,Sábado,Veracruz,Nogales - Huiloapan,3:00,,,", ",0,Roban trailer con galletas,Conductor se detiene por falla del trailer. Lo interceptan y despojan del vehiculo,,,,,,,,,,,,,
5,19/01/16,1/18/2016,Ejecución,Martes,Puebla,"Boca del Monte, km. 225",14:30,18.832306,-97.329236,"18.832306, -97.329236",0,Persona ejecutada,,,,,,,,,,,,,,
6,20/01/16,1/18/2016,Ejecución,Miércoles,Veracruz,"Magueyes, Maltrata km. 228",3:00,18.828540,-97.304777,"18.82854, -97.304777",0,Personas ejecutadas,,,,,,,,,,,,,,
7,20/01/16,1/17/2016,Robo,Miércoles,Puebla,Gasolinera de Quecholac,20:30,18.934955,-97.691157,"18.934955, -97.691157",0,Despojado de su vehiculo,Camioneta blanca y vehiculo deportivo negro lo interceptan,,,,,,,,,,,,,
8,22/01/16,1/21/2016,Robo,Viernes,Veracruz,"San Cristóbal, Huiloapan km 261",2:00,18.823265,-97.151840,"18.823265, -97.15184",0,Roban trailer con pastas y jabones,Interceptado por Tsuru Rojo,,,,,,,,,,,,,
9,24/01/16,1/23/2016,Ejecución,Domingo,Veracruz,Balastrera km. 244,3:35,18.816412,-97.234309,"18.816412, -97.234309",0,Cadáveres de 2 hombres ejecutados abandonados en un taxi,,,,,,,,,,,,,,
10,29/01/16,1/28/2016,Robo,Viernes,Veracruz,"La Estancia, km. 235",13:00,18.855848,-97.277511,"18.855848, -97.277511",0,Unidad abandonada en rampa de frenado,????,,,,,,,,,,,,,
11,08/02/16,2/7/2016,Ejecución,Lunes,Veracruz,"La Estancia, km. 235",15:00,18.855848,-97.277511,"18.855848, -97.277511",0,Encuentran degollado junto a la autopista,,,,,,,,,,,,,,
12,10/02/16,2/9/2016,Ejecución,Miércoles,Puebla,Cuacnopalan-Oaxaca km. 1,3:00,18.821221,-97.491339,"18.821221, -97.491339",0,Comando rapta y ejecuta a reportera,,,,,,,,,,,,,,
13,13/02/16,2/12/2016,Robo,Sábado,Puebla,"Esperanza - Boca del Monte, Km. 221",3:00,18.855254,-97.357540,"18.855254, -97.35754",1,Aseguran trailer en retén,,,,,,,,,,,,,,
14,14/02/16,2/14/2016,Robo,Domingo,Veracruz,"Maltrata, km 247",3:00,18.822151,-97.238515,"18.822151, -97.238515",0,Aseguran trailer con reporte de robo,,,,,,,,,,,,,,
15,18/02/16,2/16/2016,Robo,Jueves,Veracruz,Km 266,14:00,18.830541,-97.146969,"18.830541, -97.146969",0,Roban trailer con pañales,,,,14,,,,,,,,,,
16,18/02/16,2/16/2016,Robo,Jueves,Veracruz,"San Cristóbal, Huiloapan km 261",4:00,,,", ",0,Roban trailer con productos lácteos,,,,,,,,,,,,,,
17,21/02/16,2/15/2016,Robo,Domingo,Veracruz,Km 263,10:00,18.818204,-97.166597,"18.818204, -97.166597",0,Vacían trailer con cerveza,,,,,,,,,,,,,,
18,22/02/16,2/21/2016,Ejecución,Martes,Veracruz,"El infiernillo, km 224",11:30,18.835795,-97.336245,"18.835795, -97.336245",0,Persona ejecutada,,,,,,,,,,,,,,
19,22/02/16,2/21/2016,Ejecución,Domingo,Veracruz,"La Estancia, km. 238",0:30,18.844433,-97.259860,"18.844433, -97.25986",0,Persona ejecutada,,,,,,,,,,,,,,
20,11/03/16,3/10/2016,Toma clandestina,Viernes,Veracruz,"Huiloapan, km. 268",10:30,18.830394,-97.125601,"18.830394, -97.125601",0,Hallan toma clandestina,,,,,,,,,,,,,,
21,12/02/16,2/11/2016,Robo,Sábado,Veracruz,Maltrata,10:30,,,", ",0,Recuperan trailer robado,,,,,,,,,,,,,,
22,12/02/16,2/11/2016,Toma clandestina,Sábado,Puebla,"El betel, Puebla",8:00,,,", ",0,Explosión de ducto,,,,,,,,,,,,,,
23,16/02/16,2/15/2016,Toma clandestina,Miércoles,Puebla,"Puebla-Orizaba, km 189",1:30,18.841061,-97.522625,"18.841061, -97.522625",0,Explosión de ducto,,,,,,,,,,,,,,
24,17/02/16,2/11/2016,Robo,Jueves,Veracruz,Balastrera km. 244,10:00,18.816189,-97.234199,"18.816189, -97.234199",2,Detenidos con tractor robado,,,,,,,,,,,,,,
25,19/03/16,3/17/2016,Enfrentamiento,Sábado,Veracruz,"La Estancia, km. 239",6:30,18.829573,-97.255900,"18.829573, -97.2559",0,"Intentan robar trailer, da aviso a PF y se enfrentan",,,,,,,,,,,,,,
26,20/03/16,3/19/2016,Robo,Domingo,Veracruz,Maltrata,3:00,18.823211,-97.247864,"18.823211, -97.247864",0,Recuperan trailer robado,,,,,,,,,,,,,,
27,20/03/16,3/19/2016,Robo,Domingo,Veracruz,"Maltrata, km.241",8:30,18.823211,-97.247864,"18.823211, -97.247864",0,Enfrentamiento tras volcadura y rapiña,,,,,,,,,,,,,,
28,22/03/16,3/17/2016,Robo,Martes,Veracruz,,3:00,,,", ",0,Recuperan trailer robado,,,,,,,,,,,,,,
29,23/03/16,3/22/2016,Robo,Miércoles,Veracruz,Maltrata,3:00,18.823211,-97.247864,"18.823211, -97.247864",0,Recuperan trailer robado,,,,,,,,,,,,,,
30,26/03/16,3/23/2016,Robo,Sábado,Veracruz,"Gasolinera Las Gemelas, Orizaba km 272",21:30,18.847149,-97.073018,"18.847149, -97.073018",0,Roban tráiler con azúcar,,,,,,,,,,,,,,
31,01/04/16,3/25/2016,Robo,Viernes,Veracruz,Esperanza,3:00,,,", ",0,Roban tráiler con frijol,,,,,,,,,,,,,,
32,06/04/16,4/5/2016,Robo,Miércoles,Veracruz,Balastrera,9:00,18.816189,-97.234199,"18.816189, -97.234199",0,Roban caja con cargamento de tráiler de Nestlé,,,,,,,,,,,,,,
33,16/04/16,4/15/2016,Enfrentamiento,Sábado,Veracruz,"La Estancia, km 246",17:30,18.821043,-97.231158,"18.821043, -97.231158",0,Enfrentamiento entre grupos delincuenciales,,,,,,,,,,,,,,
34,18/04/16,4/3/2016,Robo,Lunes,Veracruz,Maltrata,3:00,18.823211,-97.247864,,0,Roban trailer con mercancia variada,,,,,,,,,,,,,,
35,06/05/16,5/4/2016,Robo,Viernes,Veracruz,"Puerto del aire, Acultzingo",20:00,,,,0,Vehiculo los intercepta y roba camioneta con material para la construcción,,,,,,,,,,,,,,
36,07/05/16,5/5/2016,Enfrentamiento,Sábado,Veracruz,"Tecamalucan, Acultzingo",22:30,,,,0,Enfrentamiento entre Policia estatal y grupo criminal,,,,,,,,,,,,,,
37,08/05/16,5/6/2016,Robo,Domingo,Veracruz,"San José, Esperanza km. 223",22:00,,,,0,Detienen camioneta con combustible robado,,,,,,,,,,,,,,
38,09/05/16,5/8/2016,Robo,Lunes,Veracruz,"San Cristóbal, Huiloapan km 261",2:00,,,,0,Roban trailer cargado con tubos,,,,,,,,,,,,,,
39,11/05/16,5/9/2016,Robo,Miércoles,Veracruz,"San Cristóbal, Huiloapan km 261",23:00,,,,0,Dos sujetos roban trailer con perfumes y productos de Omnilife,,,,,,,,,,,,,,
40,13/05/16,5/12/2016,Ejecución,Viernes,Veracruz,"El infiernillo, km 252",7:15,,,,0,Persona ejecutada,,,,,,,,,,,,,,
41,17/05/16,5/12/2016,Balacera,Martes,Veracruz,"Sierra de Agua, Acultzingo",22:30,,,,0,"Balacera, un herido",,,,,,,,,,,,,,
42,19/05/16,5/16/2016,Robo,Jueves,Veracruz,"Maltrata, km 248",20:30,18.823211,-97.247864,,0,"Chofer se detuvo por falla mecánica, lo ataca un grupo armado, roban trailer con alimentos",,,,,,,,,,,,,,
43,21/05/16,5/19/2016,Robo,Sábado,Veracruz,"Balastrera, km 248",3:30,18.816412,-97.234309,,0,Falsos policias detienen a un trailer con queso y lo roban,,,,,,,,,,,,,,
44,26/05/16,5/25/2016,Robo,Jueves,Veracruz,"San Cristóbal, Huiloapan km 261",3:00,,,,2,"Roban trailer en Puebla, hacen reten y recuperan la unidad",,,,,,,,,,,,,,
45,26/05/16,5/23/2016,Robo,Jueves,Veracruz,"Magueyes, km 237",23:00,,,,0,"Encuentran camioneta robada, abandonada con 800 litros de combustible",,,,,,,,,,,,,,
46,27/05/16,5/26/2016,Robo,Viernes,Veracruz,"Balastrera, km 248",3:00,18.816412,-97.234309,,0,Roban trailer con utensilios de plástico,,,,,,,,,,,,,,
47,27/05/16,5/26/2016,Robo,Viernes,Veracruz,"San Cristóbal, Huiloapan km 261",16:30,,,,1,"Roban trailer, lo persiguen, hay enfrentamiento y recuperan trailer",,,,,,,,,,,,,,
48,29/05/16,5/19/2016,Ejecución,Domingo,Veracruz,"Huiloapan, km 265",3:00,,,,0,Persona ejecutada,,,,,,,,,,,,,,
49,02/06/16,5/30/2016,Robo,Jueves,Veracruz,"Puente Colorado, Acultzingo",18:45,,,,0,Armados detienen a pareja y les roban moto y pertenencias,,,,,,,,,,,,,,
50,03/06/16,6/2/2016,Robo,Viernes,Veracruz,"San Cristóbal, Huiloapan",3:00,,,,0,Roban trailer con algodón,,,,,,,,,,,,,,
51,06/06/16,6/4/2016,Robo,Lunes,Veracruz,Autopista Puebla-Córdoba,3:00,,,,1,Detienen a chofer con tráiler robado,,,,,,,,,,,,,,
52,07/06/16,6/6/2016,Robo,Martes,Veracruz,"Balastrera, km 248",3:00,18.816412,-97.234309,,2,"Robo de trailer con productos farmacéuticos, captura a 2 sujetos",,,,,,,,,,,,,,
53,12/06/16,6/7/2016,Robo,Domingo,Veracruz,"La joyita, Orizaba",21:30,,,,0,Tres sujetos roban con violencia tráiler con fertilizantes,,,,,,,,,,,,,,
54,13/06/16,6/12/2016,Robo,Lunes,Veracruz,Km 267,8:00,,,,0,Roban y abandonan trailer con varilla,,,,,,,,,,,,,,
55,13/06/16,6/12/2016,Robo,Lunes,Veracruz,km 281,3:00,,,,0,Roban y abandonan trailer con harina,,,,,,,,,,,,,,
56,21/06/16,6/20/2016,Robo,Martes,Veracruz,"Magueyes, km 237",19:00,,,,0,Interceptan y roban trailer,,,,,,,,,,,,,,
57,25/06/16,6/24/2016,Enfrentamiento,Sábado,Veracruz,"Balastrera, km 248",3:00,18.816412,-97.234309,,0,"Policia Estatal le marca el alto, lo ignora y empieza enfrentamiento",,,,,,,,,,,,,,
58,25/06/16,6/23/2016,Robo,Sábado,Veracruz,"Jalapilla, km 269",17:00,,,,1,Detienen a sujeto con trailer robado,,,,,,,,,,,,,,
59,04/07/16,7/3/2016,Robo,Lunes,Veracruz,"La estancia, km 235",3:00,18.855848,-97.277511,,0,Encuentran trailer robado con abarrotes en Ciudad Serdán,,,,,,,,,,,,,,
60,08/07/16,7/7/2016,Robo,Viernes,Veracruz,"Magueyes, km 230",10:00,,,,0,Logra escapar de un intento de robo,,,,,,,,,,,,,,
61,09/07/16,7/8/2016,Robo,Sábado,Veracruz,Km. 246,22:30,18.821043,-97.231158,,0,Roban pipa con combustible,,,,,,,,,,,,,,
62,10/07/16,7/9/2016,Robo,Domingo,Veracruz,"San Cristóbal, Huiloapan km 261",3:00,,,,0,Aseguran tráiler,,,,,,,,,,,,,,
63,14/07/16,7/12/2016,Robo,Jueves,Veracruz,"San Cristóbal, Huiloapan km 261",23:00,,,,0,Interceptan y roban trailer con fertilizante,,,,,,,,,,,,,,
64,14/07/16,7/13/2016,Robo,Jueves,Veracruz,km 246,5:00,18.821043,-97.231158,,0,Interceptan y roban trailer con carga en general con violencia,,,,,,,,,,,,,,
65,16/07/16,7/15/2016,Secuestro,Sábado,Veracruz,"San Cristóbal, Huiloapan km 261",8:00,,,,0,Aseguran taxi sin conductor,,,,,,,,,,,,,,
66,17/07/16,7/16/2016,Robo,Domingo,Veracruz,,3:00,,,,0,Roban tráiler con Arroz,,,,,,,,,,,,,,
67,22/07/16,7/13/2016,Robo,Viernes,Veracruz,km 267,23:20,,,,0,Frustran robo de 2 traileres con cartón,,,,,,,,,,,,,,
68,23/07/16,7/21/2016,Robo,Sábado,Veracruz,km 268,3:00,,,,0,Aseguran trailer con galletas,,,,,,,,,,,,,,
69,24/07/16,7/20/2016,Asalto,Domingo,Veracruz,Cumbres de maltrata,23:30,,,,0,Asalto masivo aprovechando cierre por accidente,,,,,,,,,,,,,,
70,24/07/16,7/23/2016,Robo,Domingo,Veracruz,km 266,19:00,,,,0,Aseguran trailer robado con leche en polvo,,,,,,,,,,,,,,
71,25/07/16,7/24/2016,Robo,Lunes,Veracruz,"Gasolinera Las Gemelas, Orizaba, km 275",6:00,,,,0,Interceptan y aseguran trailer robado con detergente,,,,,,,,,,,,,,
72,30/07/16,7/29/2016,Robo,Sábado,Veracruz,"Balastrera, km 248",3:00,18.816412,-97.234309,,0,Roban trailer con colchones,,,,,,,,,,,,,,
73,31/07/16,7/30/2016,Secuestro,Domingo,Veracruz,km 266,9:00,,,,0,Aseguran auto particular,,,,,,,,,,,,,,
74,01/08/16,7/31/2016,Ejecución,Lunes,Veracruz,Maltrata km 234,7:00,,,,0,2 Personas ejecutadas,,,,,,,,,,,,,,
75,01/08/16,7/31/2016,Robo,Lunes,Veracruz,km 268,3:00,,,,1,Aseguran auto particular robado,,,,,,,,,,,,,,
76,01/08/16,8/6/2016,Robo,Lunes,Veracruz,km 272,17:00,18.847149,-97.073018,,0,Recuperan trailer robado con cerveza,,,,,,,,,,,,,,
77,03/08/16,8/2/2016,Robo,Miércoles,Veracruz,km 268,12:30,,,,0,Roban y recuperan trailer con cerveza,,,,,,,,,,,,,,
78,04/08/16,8/2/2016,Robo,Jueves,Veracruz,"Jalapilla, km 269",11:00,,,,0,Roban 3 sujetos armados tráiler con refresco,,,,,,,,,,,,,,
79,06/08/16,8/5/2016,Robo,Sábado,Veracruz,km 272,11:20,18.847149,-97.073018,,0,Aseguran trailer con carga de Nestlé,,,,,,,,,,,,,,
80,18/08/16,8/17/2016,Ejecución,Jueves,Veracruz,km 273,3:00,,,,0,2 Personas ejecutadas,,,,,,,,,,,,,,
81,19/08/16,8/17/2016,Robo,Viernes,Veracruz,,3:00,,,,0,Aseguran trailer abandonado,,,,,,,,,,,,,,
82,20/08/16,8/19/2016,Enfrentamiento,Sábado,Veracruz,"San Cristóbal, Huiloapan km 261",0:45,,,,0,Enfrentamiento entre Policia estatal y grupo criminal,,,,,,,,,,,,,,
83,22/08/16,8/21/2016,Robo,Lunes,Veracruz,"Gasolinera Las Gemelas, Orizaba, km 275",3:00,,,,0,Aseguran dos trailers que transportaban carnes frías,,,,,,,,,,,,,,
84,23/08/16,8/22/2016,Robo,Martes,Veracruz,,0:00,,,,0,Roban trailer con carga de Colgate,,,,,,,,,,,,,,
85,27/08/16,8/26/2016,Enfrentamiento,Sábado,Veracruz,"La Estancia, km 239",1:30,18.829573,-97.255900,,0,Enfrentamiento entre policia federal y grupo criminal,,,,,,,,,,,,,,
86,28/08/16,8/26/2016,Robo,Domingo,Veracruz,"Balastrera, km 248",20:30,18.816412,-97.234309,,0,Roban 8 sujetos 3 trailers con papel higiénico,,,,,,,,,,,,,,
87,28/08/16,8/27/2016,Robo,Domingo,Veracruz,"Jalapilla, km 269",7:00,,,,0,Roban camión con muebles y elctrónicos,,,,,,,,,,,,,,
88,28/08/16,8/26/2016,Robo,Domingo,Veracruz,km 270,3:00,,,,0,Aseguran camioneta particular con registro de robo,,,,,,,,,,,,,,
89,30/08/16,8/29/2016,Enfrentamiento,Martes,Veracruz,km 221,12:30,18.855254,-97.357540,,0,Enfrentamiento entre Policia estatal y grupo criminal,,,,,,,,,,,,,,
90,04/09/16,9/2/2016,Robo,Domingo,Veracruz,"Gasolinera Las Gemelas, Orizaba, km 275",19:30,,,,0,"Interceptado por Jetta, raptan a chofer y liberan al dia siguiente.",,,,,,,,,,,,,,
91,06/09/16,9/3/2016,Asalto,Martes,Puebla,Km 212,2:00,,,,0,Asaltan a vehiculos detenidos por accidente,,,,,,,,,,,,,,
92,08/09/16,9/6/2016,Robo,Jueves,Veracruz,"Jalapilla, km 269",3:00,,,,0,Robo de 2 trailers con 1200 bultos de azucar,,,,,,,,,,,,,,
93,13/09/16,9/12/2016,Robo,Martes,Veracruz,"Jalapilla, km 269",14:00,,,,0,Roban trailer y recuperan horas después por el localizador GPS,,,,,,,,,,,,,,
94,13/09/16,9/12/2016,Robo,Martes,Veracruz,"Jalapilla, km 269",17:00,,,,0,"3 hombres armados roban trailer con jugos, los persigue la policía y abandonan el trailer",,,,,,,,,,,,,,
95,14/09/16,9/13/2016,Robo,Miércoles,Veracruz,km 286,3:00,,,,0,Aseguran auto robado,,,,,,,,,,,,,,
96,15/09/16,9/13/2016,Robo,Jueves,Veracruz,Sumidero km 284,9:00,,,,0,Aseguran trailer robado,,,,,,,,,,,,,,
97,22/09/16,9/21/2016,Robo,Jueves,Veracruz,,3:00,,,,0,Aseguran trailer robado,,,,,,,,,,,,,,
98,22/09/16,9/21/2016,Robo,Jueves,Veracruz,"Jalapilla, km 269",6:45,,,,0,Aseguran vehiculo con gasolina robada,,,,,,,,,,,,,,
99,22/09/16,9/22/2016,Toma clandestina,Jueves,Veracruz,"Balastrera, km 248",3:00,18.816412,-97.234309,,0,Hallan toma clandestina,,,,,,,,,,,,,,
100,26/09/16,9/25/2016,Robo,Lunes,Veracruz,Sumidero km 284,3:00,,,,0,Aseguran trailer robado,,,,,,,,,,,,,,
101,26/09/16,9/23/2016,Robo,Lunes,Veracruz,Sumidero km 284,9:00,,,,0,Aseguran trailer robado,,,,,,,,,,,,,,
102,29/09/16,9/27/2016,Robo,Jueves,Veracruz,km 237,17:00,,,,0,Aseguran 2 vehiculos con gasolina robada,,,,,,,,,,,,,,
103,30/09/16,9/29/2016,Secuestro,Viernes,Veracruz,"San Cristóbal, Huiloapan km 261",3:00,,,,0,Logra escapar de secuestro aprovechando bloqueo en la autopista,,,,,,,,,,,,,,
104,30/09/16,9/28/2016,Robo,Viernes,Veracruz,"San Cristóbal, Huiloapan km 261",11:00,,,,0,3 sujetos Roban tráiler con llantas,,,,,,,,,,,,,,
105,10/10/16,10/7/2016,Robo,Lunes,Veracruz,"La Estancia, km 239",21:00,18.829573,-97.255900,,0,Sujetos se suben a caja de trailer en movimiento con azúcar y le roban 12 bultos ,,,,,,,,,,,,,,
106,12/10/16,10/10/2016,Robo,Miércoles,Veracruz,Trébol autopista Mendoza,18:00,,,,0,Roban tráiler con alimento para perro,,,,,,,,,,,,,,
107,13/10/16,10/12/2016,Robo,Jueves,Veracruz,"San Cristóbal, Huiloapan km 261",16:00,,,,0,Robán tráiler ,,,,,,,,,,,,,,
108,15/10/16,10/10/2016,Robo,Sábado,Veracruz,"Balastrera, km 248",21:00,18.816412,-97.234309,,0,Roban tráiler con colchones,,,,,,,,,,,,,,
109,15/10/16,10/10/2016,Robo,Sábado,Veracruz,Trébol autopista Mendoza,17:00,,,,0,4 sujetos roban camión con alimento para perro,,,,,,,,,,,,,,
110,18/10/16,10/17/2016,Enfrentamiento,Martes,Veracruz,Caseta de esperanza,13:00,,,,0,Enfrentamiento entre robaductos y soldados,,,,,,,,,,,,,,
111,20/10/16,10/19/2016,Toma clandestina,Jueves,Puebla,km 194,3:00,,,,0,Explosión de ducto,,,,,,,,,,,,,,
112,20/10/16,10/19/2016,Robo,Jueves,Veracruz,"Magueyes, km 230",3:00,,,,0,Aseguran tráiler robado horas antes con productos lácteos,,,,,,,,,,,,,,
113,23/10/16,10/19/2016,Robo,Domingo,Puebla,Amozoc,21:00,,,,0,Roban tráiler con varilla,,,,,,,,,,,,,,
114,26/10/16,10/25/2016,Robo,Miércoles,Veracruz,Cumbres de maltrata,14:20,,,,0,Aseguran tráiler robado horas antes con productos llantas,,,,,,,,,,,,,,
115,27/10/16,10/26/2016,Ejecución,Jueves,Veracruz,km 248,20:00,,,,0,Persona ejecutada,,,,,,,,,,,,,,
116,30/10/16,10/29/2016,Robo,Domingo,Veracruz,km 268,13:30,,,,0,Aseguran 7 vehiculos con combustible robado,,,,,,,,,,,,,,
117,03/11/16,,Robo,Jueves,Veracruz,,3:00,,,,0,Roban tráiler con linea blanca,,,,,,,,,,,,,,
118,06/11/16,11/5/2016,Enfrentamiento,Domingo,Puebla,km 194,8:30,,,,0,Enfrentamiento entre robaductos y soldados,,,,,,,,,,,,,,
119,07/11/16,11/3/2016,Robo,Lunes,Veracruz,Cumbres de maltrata,21:00,,,,0,Roban dulces de tráiler en movimiento,,,,,,,,,,,,,,
120,10/11/16,,Robo,Jueves,Veracruz,,3:00,,,,0,Aseguran tráiler robado,,,,,,,,,,,,,,
121,13/11/16,11/12/2016,Enfrentamiento,Domingo,Puebla,km 159,10:30,,,,0,Enfrentamiento entre robaductos y seguridad física de Pemex,,,,,,,,,,,,,,
122,17/11/16,11/16/2016,Robo,Jueves,Veracruz,"La Estancia, km 239",21:00,18.829573,-97.255900,,0,"Intentan robar trailer, pero escapa tras ser baleado",,,,,,,,,,,,,,
123,18/11/16,11/12/2016,Robo,Viernes,Veracruz,Cumbres de maltrata,17:00,,,,0,Roban tráiler con abarrotes y cerveza,,,,,,,,,,,,,,
124,24/11/16,11/23/2016,Robo,Jueves,Puebla,Acatzingo,5:00,,,,0,Aseguran Tráiler robado,,,,,,,,,,,,,,
125,26/11/16,11/23/2016,Robo,Sábado,Puebla,"San Sebastián Villanueva, Acatzingo",7:00,,,,0,3 sujetos roban tráiler con fertilizante,,,,,,,,,,,,,,
126,01/12/16,11/28/2016,Robo,Jueves,Veracruz,"Balastrera, km 248",21:00,18.816412,-97.234309,,0,Aseguran tráiler robado,,,,,,,,,,,,,,
127,02/12/16,11/28/2016,Robo,Viernes,Veracruz,Nogales,18:00,,,,0,Roban tráiler con chocolates,,,,,,,,,,,,,,
128,03/12/16,12/1/2016,Robo,Sábado,Veracruz,Maltrata,17:00,18.823211,-97.247864,,0,Roban tráiler con perfumes,,,,,,,,,,,,,,
129,03/12/16,11/29/2016,Robo,Sábado,Veracruz,"La Estancia, km 239",20:20,18.829573,-97.255900,,0,Roban tráiler con papas fritas,,,,,,,,,,,,,,
130,08/12/16,12/4/2016,Robo,Jueves,Veracruz,"Balastrera, km 248",21:00,18.816412,-97.234309,,0,Roban tráiler,,,,,,,,,,,,,,
131,13/12/16,12/4/2016,Robo,Martes,Veracruz,"La Estancia, km 239",3:00,18.829573,-97.255900,,0,Roban tráiler con azúcar,,,,,,,,,,,,,,
132,17/12/16,12/14/2016,Robo,Sábado,Veracruz,"Balastrera, km 248",21:00,18.816412,-97.234309,,0,Roban 2 tráilers con enlatados,,,,,,,,,,,,,,
133,19/12/16,12/18/2016,Robo,Lunes,Veracruz,km 150,13:00,,,,0,Roban tráiler de transportista,,,,,,,,,,,,,,
134,22/12/16,12/21/2016,Robo,Jueves,Veracruz,"Balastrera, km 248",0:00,18.816412,-97.234309,,0,Roban tráiler con azúcar,,,,,,,,,,,,,,
135,22/12/16,12/20/2016,Robo,Jueves,Veracruz,km 260,3:00,,,,0,Roban tráiler de transportista,,,,,,,,,,,,,,
136,24/12/16,12/21/2016,Robo,Sábado,Veracruz,km 235,0:20,18.855848,-97.277511,,0,Robo tráiler de TV Azteca,,,,,,,,,,,,,,
137,04/01/17,12/27/2016,Robo,Miércoles,Veracruz,km 237,3:00,,,,0,Roban tráiler con alimentos,,,,,,,,,,,,,,
138,04/01/17,,Robo,Miércoles,Veracruz,Esperanza,3:00,,,,0,Roban tráiler con huevo,,,,,,,,,,,,,,
139,05/01/17,1/4/2017,Robo,Jueves,Veracruz,km 242,3:00,,,,0,Roban tráiler con velas,,,,,,,,,,,,,,
140,07/01/17,1/2/2017,Robo,Sábado,Veracruz,"Balastrera, km 248",20:00,18.816412,-97.234309,,0,Roban 3 tráilers con papel,,,,,,,,,,,,,,
141,07/01/17,,Robo,Sábado,Veracruz,km 245,3:00,,,,0,Roban tráiler,,,,,,,,,,,,,,
142,08/01/17,1/6/2017,Robo,Domingo,Veracruz,"Balastrera, km 248",2:00,18.816412,-97.234309,,0,"Intentan robar tráiler, le disparan al chofer",,,,,,,,,,,,,,
143,10/01/17,1/7/2017,Robo,Martes,Veracruz,Maltrata,3:00,18.823211,-97.247864,,2,Detienen a 2 sujetos que acababan de robar tráiler,,,,,,,,,,,,,,
144,11/01/17,1/10/2017,Ejecución,Miércoles,Veracruz,Maltrata,3:00,18.823211,-97.247864,,0,Asesinan a sujeto secuestrado,,,,,,,,,,,,,,
145,13/01/17,1/10/2017,Robo,Viernes,Veracruz,km 247,21:00,,,,0,Roban camioneta con refacciones,,,,,,,,,,,,,,
146,15/01/17,1/13/2017,Robo,Domingo,Veracruz,"Gasolinera Las Gemelas, Orizaba, km 275",21:00,,,,0,Roban tráiler con arroz,,,,,,,,,,,,,,
147,16/01/17,1/14/2017,Robo,Lunes,Veracruz,Maltrata,3:00,,,,0,Roban pipa con sustancia química,,,,,,,,,,,,,,
148,18/01/17,1/16/2017,Robo,Miércoles,Veracruz,Buenavista,3:00,,,,3,Roban tráiler con leche ,,,,,,,,,,,,,,
149,18/01/17,1/16/2017,Asalto,Miércoles,Veracruz,"Balastrera, km 248",1:00,18.816412,-97.234309,,0,Interceptan tráiler y al no ser de su interés la carga lo liberan,,,,,,,,,,,,,,
150,20/01/17,1/19/2017,Robo,Viernes,Veracruz,"San Cristóbal, Huiloapan km 261",9:00,,,,0,Roban tráiler con cerveza,,,,,,,,,,,,,,
151,20/01/17,1/17/2017,Robo,Viernes,Veracruz,km 260,20:45,,,,0,Roban tráiler,,,,,,,,,,,,,,
152,20/01/17,1/19/2017,Robo,Viernes,Veracruz,"Balastrera, km 248",6:50,18.816412,-97.234309,,0,Roban tráiler de transportista,,,,,,,,,,,,,,
153,25/01/17,1/15/2017,Robo,Miércoles,Veracruz,km 259,5:50,,,,0,Roban tráiler,,,,,,,,,,,,,,
154,27/01/17,1/25/2017,Robo,Viernes,Veracruz,"La Estancia, km 239",21:00,18.829573,-97.255900,,0,Roban tráiler con abarrotes,,,,,,,,,,,,,,
155,28/01/17,1/26/2017,Robo,Sábado,Veracruz,"Balastrera, km 248",2:20,18.816412,-97.234309,,0,Roban tráiler con salsa,,,,,,,,,,,,,,
156,28/01/17,1/25/2017,Robo,Sábado,Veracruz,km 252,13:15,,,,0,Roban tráiler de transportista,,,,,,,,,,,,,,
157,29/01/17,1/27/2017,Robo,Domingo,Veracruz,km 266,17:00,,,,0,Roban tráiler de transportista,,,,,,,,,,,,,,
158,29/01/17,1/28/2017,Robo,Domingo,Veracruz,Maltrata,8:00,18.823211,-97.247864,,0,Roban tráiler con latas de aluminio y asesinan a chofer,,,,,,,,,,,,,,
159,01/02/17,1/31/2017,Ejecución,Miércoles,Veracruz,km 236,21:00,,,,0,3 sujetos ejecutados,,,,,,,,,,,,,,
160,07/02/17,2/6/2017,Toma clandestina,Martes,Veracruz,km 275,17:00,,,,2,Hallan toma clandestina,,,,,,,,,,,,,,
161,09/02/17,2/8/2017,Robo,Jueves,Veracruz,km 229,3:00,,,,0,Asesinan en intento de asalto a trailer con alimento para ganado,,,,,,,,,,,,,,
162,11/02/17,2/3/2017,Robo,Sábado,Veracruz,km 266,16:00,,,,0,Roban tráiler de transportista,,,,,,,,,,,,,,
163,15/02/17,2/13/2017,Robo,Miércoles,Veracruz,km 249,13:30,,,,0,Roban tráiler con alimento para ganado,,,,,,,,,,,,,,
164,16/02/17,2/14/2017,Robo,Jueves,Veracruz,km 259,1:45,,,,0,Roban tráiler con muebles del hogar,Tsuru,,,,,,,,,,,,,
165,17/02/17,2/11/2017,Robo,Viernes,Veracruz,"San Cristóbal, Huiloapan km 261",3:00,,,,0,Asaltan a camioneta de Papas Fritas,,,,,,,,,,,,,,
166,17/02/17,2/10/2017,Robo,Viernes,Veracruz,km 228,3:00,18.828540,-97.304777,,0,Roban 2 tráilers de transportistas,,,,,,,,,,,,,,
167,19/02/17,2/17/2017,Robo,Domingo,Veracruz,km 251,3:00,,,,0,Roban tráileer con alimento para ganado y 2 camionetas,,,,,,,,,,,,,,
168,22/02/17,2/21/2017,Robo,Miércoles,Veracruz,"La Estancia, km 239",7:30,18.829573,-97.255900,,0,"Interceptan a tianguista, logra escapar",,,,,,,,,,,,,,
169,22/02/17,2/17/2017,Robo,Miércoles,Veracruz,"La Estancia, km 239",0:40,18.829573,-97.255900,,0,Roban camioneta particular,,,,,,,,,,,,,,
170,23/02/17,2/21/2017,Robo,Jueves,Veracruz,km 259,2:20,,,,0,Roban tráiler con equipos de aserradero,Tsuru,,,,,,,,,,,,,
171,28/02/17,2/19/2017,Robo,Martes,Veracruz,magu,9:00,,,,0,Roban Camioneta con papelería,,,,,,,,,,,,,,
172,05/03/17,3/4/2017,Robo,Domingo,Veracruz,km 264,12:00,,,,0,Roban tráiler con Jabones,,,,,,,,,,,,,,
173,05/03/17,3/3/2017,Robo,Domingo,Veracruz,km 218,6:50,,,,0,Roban 2 tráilers con Cacao,,,,,,,,,,,,,,
174,06/03/17,3/5/2017,Robo,Lunes,Veracruz,km 260,15:30,,,,11,Roban 140000 litros de combustible y son detenidos,,,,,,,,,,,,,,
175,06/03/17,3/5/2017,Enfrentamiento,Lunes,Veracruz,Base de la Policía Federal,16:45,,,,0,Enfrentamiento entre comando armado y Policìa Federal,,,,,,,,,,,,,,
176,06/03/17,3/3/2017,Robo,Lunes,Veracruz,"Balastrera, km 248",3:00,18.816412,-97.234309,,0,Roban tráiler con lentejas,,,,,,,,,,,,,,
177,09/03/17,3/7/2017,Robo,Jueves,Veracruz,"Balastrera, km 248",11:00,18.816412,-97.234309,,0,Roban tórton,,,,,,,,,,,,,,
178,13/03/17,3/9/2017,Robo,Martes,Veracruz,km 246,20:45,18.821043,-97.231158,,0,Roban tráiler,,,,,,,,,,,,,,
179,15/03/17,3/11/2017,Robo,Miércoles,Veracruz,,3:00,,,,0,Roban tórton con electrodomésticos,,,,,,,,,,,,,,
180,17/03/17,3/15/2017,Robo,Viernes,Veracruz,"Balastrera, km 248",23:00,18.816412,-97.234309,,0,Roban tráiler con electrodomésticos,,,,,,,,,,,,,,
181,18/03/17,3/13/2017,Robo,Sábado,Veracruz,"Balastrera, km 248",3:00,18.816412,-97.234309,,0,Roban tráiler con libretas,,,,,,,,,,,,,,
182,18/03/17,,Robo,Sábado,Veracruz,"Colorines, Maltrata",3:00,,,,0,Roban tráiler con harina,,,,,,,,,,,,,,
183,19/03/17,3/17/2017,Robo,Domingo,Veracruz,Sumidero km 284,17:00,,,,0,Roban tráiler con electrodomésticos,,,,,,,,,,,,,,
184,25/03/17,3/24/2017,Robo,Sábado,Veracruz,km 249,2:20,,,,0,Roban tráiler con papelería,Tsuru,,,,,,,,,,,,,
185,26/03/17,3/24/2017,Robo,Domingo,Veracruz,"La Estancia, km 239",21:00,18.829573,-97.255900,,0,"Roban tráiler con clavos, malla y alámbre",,,,,,,,,,,,,,
186,26/03/17,3/25/2017,Robo,Domingo,Veracruz,Sumidero km 284,8:15,,,,0,Roban tráiler con congelados,,,,,,,,,,,,,,
187,26/03/17,3/25/2017,Robo,Domingo,Veracruz,km 241,2:00,18.823211,-97.247864,,0,Roban auto particular,,,,,,,,,,,,,,
188,28/03/17,3/27/2017,Toma clandestina,Martes,Veracruz,"Balastrera, km 248",10:10,18.816412,-97.234309,,0,Explosión de ducto,,,,,,,,,,,,,,
189,04/04/17,4/2/2017,Toma clandestina,Martes,Puebla,Amozoc,3:00,,,,0,Explosión de ducto,,,,,,,,,,,,,,
190,04/04/17,4/3/2017,Toma clandestina,Martes,Puebla,Esperanza,15:20,,,,0,Explosión de ducto,,,,,,,,,,,,,,
191,08/04/17,4/7/2017,Robo,Sábado,Veracruz,"Jalapilla, km 269",21:00,,,,0,Roban tráiler con muebles,,,,,,,,,,,,,,
192,09/04/17,3/29/2017,Robo,Domingo,Puebla,"San Lorenzo, Amozoc",3:00,,,,0,Roban tráiler con Arroz,,,,,,,,,,,,,,
193,11/04/17,4/10/2017,Toma clandestina,Martes,Veracruz,km 263,9:00,,,,0,Derrame de toma clandestina,,,,,,,,,,,,,,
194,13/04/17,4/11/2017,Asalto,Jueves,Veracruz,"Los colorines, Maltrata",20:00,,,,0,Raptan y Asaltan a mujer,,,,,,,,,,,,,,
195,22/04/17,,Robo,Sábado,Veracruz,Sumidero km 284,3:00,,,,0,Roban tráiler,,,,,,,,,,,,,,
196,22/04/17,4/21/2017,Combustible,Sábado,Veracruz,,11:00,,,,0,Detienen a vehículo con 600 litros de combustible robado,,,,,,,,,,,,,,
197,23/04/17,4/21/2017,Robo,Domingo,Veracruz,Caseta de Esperanza,3:00,,,,0,"Roban tráiler, lo encuentran en el km 292",,,,,,,,,,,,,,
198,26/04/17,4/25/2017,Enfrentamiento,Miércoles,Veracruz,km 246,12:30,18.821043,-97.231158,,0,Enfrentamiento entre Fuerza Civil y criminales,,,,,,,,,,,,,,
199,02/05/17,5/1/2017,Combustible,Martes,Veracruz,km 271,17:00,,,,0,Aseguran vehículos con combustible robado,,,,,,,,,,,,,,
200,04/05/17,4/30/2017,Robo,Jueves,Veracruz,"Magueyes, km 230",3:00,,,,0,Roban azúcar de tráiler en movimiento,,,,,,,,,,,,,,
201,04/05/17,5/3/2017,Enfrentamiento,Jueves,Veracruz,km 241,0:00,,,,0,Enfrentamiento entre Ejército y ladrones de combustible,,,,,,,,,,,,,,
202,05/05/17,5/3/2017,Enfrentamiento,Viernes,Puebla,"Palmarito, Quécholac",21:00,,,,14,Enfrentamiento entre Ejército y ladrones de combustible,,,,,,,,,,,,,,
203,05/05/17,5/4/2017,Enfrentamiento,Viernes,Puebla,"Palmarito, Quécholac",3:00,,,,0,Enfrentamiento entre Ejército y ladrones de combustible,,,,,,,,,,,,,,
204,05/05/17,5/4/2017,Toma clandestina,Viernes,Puebla,"Paraje Las Garzas, Ciudad Serdán",3:00,,,,0,Encuentran Toma Clandestina,,,,,,,,,,,,,,
205,05/05/17,5/4/2017,Toma clandestina,Viernes,Puebla,"Puente negro, Ciudad Serdán",3:00,,,,0,Encuentran Toma Clandestina,,,,,,,,,,,,,,
206,08/05/17,5/7/2017,Toma clandestina,Lunes,Puebla,km 151,15:15,,,,0,Explosión de ducto,,,,,,,,,,,,,,
207,12/05/17,5/8/2017,Robo,Viernes,Veracruz,"Balastrera, km 248",3:00,18.816412,-97.234309,,0,Roban tráiler con electrodomésticos,,,,,,,,,,,,,,
208,12/05/17,,Robo,Viernes,Veracruz,Sumidero km 284,3:00,,,,0,Roban tráiler,,,,,,,,,,,,,,
209,13/05/17,5/11/2017,Asalto,Sábado,Veracruz,Nogales,23:00,,,,0,Interceptan a vehículo y le roban pertenencias,,,,,,,,,,,,,,
210,16/05/17,5/14/2017,Robo,Martes,Veracruz,"Jalapilla, km 269",23:00,,,,0,Roban vehículo con cerveza,,,,,,,,,,,,,,
211,17/05/17,5/14/2017,Robo,Miércoles,Veracruz,"Balastrera, km 248",17:00,18.816412,-97.234309,,0,Roban tráiler con electrodomésticos,,,,,,,,,,,,,,
212,18/05/17,,Robo,Jueves,Veracruz,km 246,3:00,18.821043,-97.231158,,0,Roban tráiler con lácteos,Tsuru,,,,,,,,,,,,,
213,25/05/17,5/24/2017,Combustible,Jueves,Puebla,Tecamachalco,3:00,,,,0,Aseguran vehículos con combustible robado,,,,,,,,,,,,,,
214,25/05/17,5/24/2017,Combustible,Jueves,Puebla,"Progreso de Juarez, Acatzingo",3:00,,,,0,Aseguran vehículos con combustible robado,,,,,,,,,,,,,,
215,29/05/17,,Robo,Lunes,Veracruz,km 226,3:00,,,,0,Roban tráiler con productos de aseo,,,,,,,,,,,,,,
216,31/05/17,5/30/2017,Robo,Miércoles,Veracruz,"Balastrera, km 248",3:00,18.816412,-97.234309,,2,Roban tráiler y son detenidos in fraganti,,,,,,,,,,,,,,
217,01/06/17,,Robo,Jueves,Veracruz,La joyita km 278 ,3:00,,,,0,Roban tráiler con abarrotes,,,,,,,,,,,,,,
218,02/06/17,6/1/2017,Robo,Viernes,Veracruz,Nogales,18:00,,,,0,Roban tráiler con cerveza. Lo recuperan tras persecución,,,,,,,,,,,,,,
219,02/06/17,6/1/2017,Robo,Viernes,Veracruz,"Balastrera, km 248",8:30,18.816412,-97.234309,,1,Roban tráiler con Arroz. Lo recuperan horas después,,,,,,,,,,,,,,
220,04/06/17,6/2/2017,Robo,Domingo,Veracruz,Km 268,21:00,,,,0,Roban tráiler con 30tn de fertilizante,,,,,,,,,,,,,,
221,05/06/17,6/1/2017,Robo,Lunes,Veracruz,km 247,3:00,,,,0,Roban tráiler con dulces,,,,,,,,,,,,,,
222,08/06/17,6/5/2017,Robo,Jueves,Veracruz,km 247,16:00,,,,0,"Frustrado robo de tráiler, intentan robarlo, se resiste y lo balean",,,,,,,,,,,,,,
223,08/06/17,6/7/2017,Robo,Jueves,Veracruz,Altura del CDO,16:00,,,,2,"Roban tráiler con cerveza y resfresco, policia los detiene, ocurre enfrentamiento y recuperan unidad",,,,,,,,,,,,,,
224,10/06/17,,Robo,Sábado,Veracruz,Tepatlaxco,3:00,,,,0,Roban tráiler con acero en falso retén,,,,,,,,,,,,,,
225,10/06/17,,Robo,Sábado,Veracruz,"Balastrera, km 248",3:00,18.816412,-97.234309,,0,Frustran robo de tráiler con línea blanca,,,,,,,,,,,,,,
226,11/06/17,6/10/2017,Robo,Domingo,Veracruz,"Jalapilla, km 269",5:00,,,,0,Roban tráiler de tienda departamental,,,,,,,,,,,,,,
227,14/06/17,6/13/2017,Robo,Miércoles,Veracruz,Caseta de Esperanza,7:00,,,,0,"Roban camioneta, balean al conductor",,,,,,,,,,,,,,
228,15/06/17,6/10/2017,Robo,Jueves,Veracruz,km 247,21:00,,,,0,Roban tráiler con azúcar,,,,,,,,,,,,,,
229,16/06/17,6/15/2017,Asalto,Viernes,Veracruz,"Balastrera, km 248",15:00,18.816412,-97.234309,,0,Asaltan a trailero al detenerse en gasolinera,,,,,,,,,,,,,,
230,20/06/17,6/19/2017,Ejecución,Martes,Veracruz,km 259,17:00,,,,0,Persona Ejecutada,,,,,,,,,,,,,,
231,24/06/17,6/22/2017,Robo,Sábado,Veracruz,"San Cristóbal, Huiloapan km 261",21:00,,,,1,Detienen a sujeto con vehículo robado,,,,,,,,,,,,,,
232,25/06/17,6/24/2017,Robo,Domingo,Veracruz,Ojo de Agua,10:00,,,,0,Roban tráiler de supermercado,,,,,,,,,,,,,,
233,25/06/17,6/23/2017,Robo,Domingo,Veracruz,,3:00,,,,0,Roban tráiler con cerveza,,,,,,,,,,,,,,
234,27/06/17,6/25/2017,Robo,Martes,Veracruz,CDV,21:00,,,,1,Roban tráiler con refresco,,,,,,,,,,,,,,
235,28/06/17,6/25/2017,Robo,Miércoles,Veracruz,"Balastrera, km 248",21:30,18.816412,-97.234309,,0,Roban tráiler con articulos de limpieza,,,,,,,,,,,,,,
236,29/06/17,,Robo,Jueves,Veracruz,Altura del Hospital Regional,3:00,,,,0,Frustran robo de tráiler de transportista,,,,,,,,,,,,,,
237,02/07/17,6/29/2017,Robo,Domingo,Veracruz,"Gasolinera Las Gemelas, Orizaba km 272 km 272",3:00,18.847149,-97.073018,,0,Roban tráiler con papel y pañales,,,,,,,,,,,,,,
238,08/07/17,7/6/2017,Robo,Sábado,Veracruz,"La Estancia, km 239",20:30,18.829573,-97.255900,,0,Roban tráiler con papelería,,,,,,,,,,,,,,
239,09/07/17,,Robo,Domingo,Veracruz,"Balastrera, km 248",3:00,18.816412,-97.234309,,0,Roban tráiler con refacciones,,,,,,,,,,,,,,
240,09/07/17,7/4/2017,Robo,Domingo,Veracruz,"Balastrera, km 248",21:00,18.816412,-97.234309,,0,Roban tórton con tubos de acero,,,,,,,,,,,,,,
241,14/07/17,7/13/2017,Robo,Viernes,Veracruz,"La Estancia, km 239",10:00,18.829573,-97.255900,,1,"Frustran robo a tráilero, se enfrentan con policia Federal",,,,,,,,,,,,,,
242,17/07/17,7/15/2017,Asalto,Lunes,Veracruz,Sumidero,21:15,,,,0,Asaltan a vehiculo de pasajeros,,,,,,,,,,,,,,
243,23/07/17,7/22/2017,Robo,Domingo,Veracruz,"Balastrera, km 248",11:00,18.816412,-97.234309,,0,Roban tráiler con llantas,,,,,,,,,,,,,,
244,24/07/17,7/23/2017,Secuestro,Lunes,Veracruz,Buena Vista,3:30,,,,0,"Intentan secuestrar a sujetos, abren fuego",,,,,,,,,,,,,,
245,27/07/17,7/22/2017,Robo,Jueves,Veracruz,Maltrata,17:00,18.823211,-97.247864,,0,Roban tráiler con galletas y frituras,,,,,,,,,,,,,,
246,27/07/17,7/26/2017,Robo,Jueves,Veracruz,"Gasolinera Las Gemelas, Orizaba km 272 km 272",8:30,18.847149,-97.073018,,0,Frustran robo de tráiler,,,,,,,,,,,,,,
247,27/07/17,7/26/2017,Robo,Jueves,Veracruz,Jalapilla,8:00,,,,2,"Roban tráiler, los persiguen y detienen",,,,,,,,,,,,,,
248,28/07/17,7/27/2017,Robo,Viernes,Veracruz,Maltrata,8:00,18.823211,-97.247864,,1,"Roban camión, los persiguen y detienen",,,,,,,,,,,,,,
249,29/07/17,7/28/2017,Ejecución,Sábado,Veracruz,"La Estancia, km 239",8:30,18.829573,-97.255900,,0,Persona Ejecutada,,,,,,,,,,,,,,
250,30/07/17,7/28/2017,Ejecución,Domingo,Veracruz,"La Estancia, km 239",9:00,18.829573,-97.255900,,0,Persona Ejecutada,,,,,,,,,,,,,,
251,31/07/17,7/30/2017,Robo,Lunes,Veracruz,km 263,8:00,,,,2,"Roban tráiler, marcan alto y los detienen",,,,,,,,,,,,,,
252,01/08/17,7/30/2017,Asalto,Martes,Veracruz,Sumidero,22:00,,,,0,Asaltan a vehiculo de pasajeros,,,,,,,,,,,,,,
253,02/08/17,7/31/2017,Robo,Miércoles,Veracruz,Caseta de Esperanza,17:00,,,,0,Roban tráiler de seguridad privada,,,,,,,,,,,,,,
254,03/08/17,8/1/2017,Robo,Jueves,Veracruz,Cerca policía de Orizaba,6:30,,,,0,Roban tráiler con mercancia variada,,,,,,,,,,,,,,
255,04/08/17,,Robo,Viernes,Veracruz,"Balastrera, km 248",3:00,18.816412,-97.234309,,0,Roban tráiler con productos de aseo,,,,,,,,,,,,,,
256,04/08/17,8/3/2017,Tren,Viernes,Veracruz,"Colonia el Mirador, Nogales",17:30,,,,0,Asaltan tren con maíz,,,,,,,,,,,,,,
257,05/08/17,8/3/2017,Robo,Sábado,Veracruz,km 239,17:00,18.829573,-97.255900,,0,Roban auto particular,,,,,,,,,,,,,,
258,06/08/17,8/4/2017,Asalto,Domingo,Veracruz,"Balastrera, km 248",21:00,18.816412,-97.234309,,0,Asaltan a 2 trabajadores,,,,,,,,,,,,,,
259,14/08/17,8/10/2017,Robo,Lunes,Veracruz,km 247,3:00,,,,0,Asaltan pipa con sustancias químicas,,,,,,,,,,,,,,
260,14/08/17,8/10/2017,Robo,Lunes,Veracruz,"Balastrera, km 248",9:00,18.816412,-97.234309,,0,Roban tráiler,6 personas - 5 hombres 1 mujer,,,,,,,,,,,,,
261,21/08/17,8/12/2017,Asalto,Lunes,Veracruz,Sumidero,22:00,,,,0,Asaltan a vehiculo de pasajeros,,,,,,,,,,,,,,
262,23/08/17,8/22/2017,Robo,Miércoles,Veracruz,"San Cristóbal, Huiloapan km 261",9:00,,,,3,Roban tórton,,,,,,,,,,,,,,
263,24/08/17,8/22/2017,Robo,Jueves,Veracruz,"La Estancia, km 239",17:00,18.829573,-97.255900,,0,Roban tráiler con 68 motos,,,,,,,,,,,,,,
264,25/08/17,8/24/2017,,Viernes,Veracruz,,9:45,,,,4,Roban tráiler con azucar,Asaltantes era policias estatales,,,,,,,,,,,,,
265,03/09/17,9/2/2017,Asalto,Domingo,Veracruz,km 226,19:30,,,,0,Instalan falso retén,,,,,,,,,,,,,,
266,05/09/17,9/4/2017,Enfrentamiento,Martes,Veracruz,km 267,17:00,,,,0,Enfrentramiento entre delincuentes y autoridades,,,,,,,,,,,,,,
267,06/09/17,9/4/2017,Asalto,Miércoles,Veracruz,"Balastrera, km 248",22:30,18.816412,-97.234309,,0,Asaltan a taxista,2 sujetos,,,,,,,,,,,,,
268,06/09/17,9/4/2017,Robo,Miércoles,Veracruz,"Balastrera, km 248",22:30,18.816412,-97.234309,,0,Roban 2 tráilers,,,,,,,,,,,,,,
269,08/09/17,,Robo,Viernes,Veracruz,Esperanza,3:00,,,,0,Roban 2 tráilers,,,,,,,,,,,,,,
270,10/09/17,,Robo,Domingo,Veracruz,La Estancia,3:00,,,,0,"Unidad robada en Chalco, encontrada en Veracruz",,,,,,,,,,,,,,
271,11/09/17,9/10/2017,Enfrentamiento,Lunes,Veracruz,"Gasolinera Las Gemelas, Orizaba km 272",16:30,18.847149,-97.073018,,0,Enfrentramiento entre delincuentes y autoridades,,,,,,,,,,,,,,
272,20/09/17,9/19/2017,Secuestro,Miércoles,Veracruz,Hospital Regional,11:00,,,,0,"Intentan secuestrar a sujeto, escapa",,,,,,,,,,,,,,
273,25/09/17,,Robo,Lunes,Veracruz,km 270,23:50,,,,0,Roban tráiler,,,,,,,,,,,,,,
274,27/09/17,9/26/2017,Ejecución,Miércoles,Veracruz,km 286,17:00,,,,0,Persona Ejecutada,,,,,,,,,,,,,,
275,28/09/17,9/27/2017,Ejecución,Jueves,Veracruz,km 290,10:15,,,,0,Persona Ejecutada,,,,,,,,,,,,,,
276,01/10/17,9/27/2017,Asalto,Domingo,Veracruz,Caseta de Esperanza,12:30,,,,0,Apedrean a vehiculos depasajeros para asaltarlos,,,,,,,,,,,,,,
277,02/10/17,10/1/2017,Ejecución,Lunes,Puebla,km 137,13:00,,,,0,Persona Ejecutada,,,,,,,,,,,,,,
278,02/10/17,10/1/2017,Robo,Lunes,Veracruz,"San Cristóbal, Huiloapan km 261",1:00,,,,0,Roban tráiler,4 personas,,,,,,,,,,,,,
279,03/10/17,10/1/2017,Robo,Martes,Veracruz,Maltrata,15:00,18.823211,-97.247864,,0,Roban tráiler,,,,,,,,,,,,,,
280,04/10/17,10/2/2017,Robo,Miércoles,Veracruz,km 274,22:50,,,,0,Roban tráiler con línea blanca,,,,,,,,,,,,,,
281,05/10/17,10/4/2017,Robo,Jueves,Veracruz,"Sumidero, km 284",12:00,,,,0,Frustran robo de tráiler,,,,,,,,,,,,,,
282,05/10/17,10/4/2017,Robo,Jueves,Veracruz,"Magueyes, km 230",3:00,,,,0,Roban Camioneta particular,,,,,,,,,,,,,,
283,05/10/17,10/4/2017,Robo,Jueves,Veracruz,"Balastrera, km 248",3:00,18.816412,-97.234309,,0,Roban auto particular,,,,,,,,,,,,,,
284,06/10/17,10/4/2017,Secuestro,Viernes,Veracruz,"San Cristóbal, Huiloapan km 261",12:00,,,,0,Liberan a trailero secuestrado por 12 horas,,,,,,,,,,,,,,
285,07/10/17,10/5/2017,Robo,Sábado,Veracruz,"Sumidero, km 284",21:00,,,,0,Roban tráiler,,,,,,,,,,,,,,
286,08/10/17,10/7/2017,Enfrentamiento,Domingo,Veracruz,Destacamento Policia Federal,16:30,,,,3,Enfrentramiento entre delincuentes y Policia Federal,,,,,,,,,,,,,,
287,13/10/17,10/11/2017,Asalto,Lunes,Veracruz,km 284,6:50,,,,0,Asaltan a vehiculo de pasajeros,,,,,,,,,,,,,,
288,16/10/17,10/15/2017,Enfrentamiento,Lunes,Veracruz,km 247,9:30,,,,8,Enfrentamiento entre SSP y Manifestantes,,,,,,,,,,,,,,
289,18/10/17,10/16/2017,Robo,Miércoles,Veracruz,"Magueyes, km 230",17:00,,,,0,Roban tráiler,,,,,,,,,,,,,,
290,24/10/17,10/22/2017,Enfrentamiento,Martes,Veracruz,Acatzingo,3:00,,,,0,Enfrentamiento entre Policia Federal y Delincuenten. Liberan a huachicoleros,,,,,,,,,,,,,,
291,28/10/17,10/26/2017,Robo,Sábado,Veracruz,km 251,17:00,,,,0,Roban tráiler con azúcar,,,,,,,,,,,,,,
292,08/11/17,,Robo,,Veracruz,La Estancia,3:00,18.829573,-97.255900,,0,Roban 2 tráilers con cacahuates,,,,,,,,,,,,,,
293,11/11/17,11/10/2017,Enfrentamiento,Sábado,Veracruz,km 276,13:00,,,,0,Enfrentamiento entre SSp y delincuentes,,,,,,,,,,,,,,
294,12/11/17,,Robo,Domingo,Veracruz,Maltrata,3:00,18.823211,-97.247864,,0,Roban Pipa con gasolina,,,,,,,,,,,,,,
295,15/11/17,11/14/2017,Robo,Miércoles,Veracruz,Maltrata,3:00,18.823211,-97.247864,,0,Roban tráiler con vinos y licores,,,,,,,,,,,,,,
296,22/11/17,11/13/2017,Asalto,Miércoles,Veracruz,Buenavista,22:45,,,,0,Asaltan a trailero,,,,,,,,,,,,,,
297,23/11/17,,Robo,Jueves,Veracruz,"Buenavista, km 280",3:00,,,,0,Roban tráiler con arroz,,,,,,,,,,,,,,
298,24/11/17,11/23/2017,Tren,Viernes,Veracruz,Vaquería-Puente Colorado,3:00,,,,0,Bloquean vía y asaltan tren,,,,,,,,,,,,,,
299,27/11/17,11/26/2017,Asalto,Lunes,Veracruz,"Sumidero, km 284",21:00,,,,0,Asaltan a vehiculo de pasajeros,,,,,,,,,,,,,,
300,27/11/17,11/23/2017,Robo,Lunes,Veracruz,"Balastrera, km 248",21:00,18.816412,-97.234309,,0,Roban tráiler con aceite para auto,,,,,,,,,,,,,,
301,07/12/17,12/6/2017,Tren,Jueves,Puebla,Acultzingo,12:00,,,,0,Asaltran tren,,,,,,,,,,,,,,
302,07/12/17,12/5/2017,Robo,Jueves,Veracruz,"Gasolinera Las Gemelas, Orizaba km 272",11:00,18.847149,-97.073018,,0,Roban caja seca ,,,,,,,,,,,,,,
303,10/12/17,12/9/2017,Tren,Domingo,Veracruz,"El Mezquite, acultzingo",2:00,,,,0,Bloquean vía y asaltan tren con arroz,,,,,,,,,,,,,,
304,11/12/17,12/7/2017,Robo,Lunes,Veracruz,km 276,9:00,,,,0,Roban tráiler con pastas,,,,,,,,,,,,,,
305,12/12/17,12/11/2017,Asalto,Martes,Veracruz,"Sumidero, km 284",19:00,,,,0,Asaltan a vehiculo de pasajeros,,,,,,,,,,,,,,
306,16/12/17,12/15/2017,Ejecución,Sábado,Veracruz,km 239,20:30,,,,0,Asesinan a trailero al intentar asaltarlo,,,,,,,,,,,,,,
307,19/12/17,12/17/2017,Tren,Martes,Veracruz,Acultzingo,21:00,,,,0,Bloquean vía y asaltan tren con arroz,,,,,,,,,,,,,,
308,23/12/17,,Robo,Sábado,Veracruz,"Balastrera, km 248",3:00,18.816412,-97.234309,,0,Roban tráiler,,,,,,,,,,,,,,
309,08/01/18,,Robo,Sábado,Veracruz,Curva de Nogales,3:00,,,,0,Roban tráiler con galletas,,,,,,,,,,,,,,
310,10/01/18,1/8/2018,Robo,Miércoles,Veracruz,"La choza, Nogales",12:00,,,,0,Roban 2 tráilers de empresa de transportes,,,,,,,,,,,,,,
311,12/01/18,1/10/2018,Robo,Viernes,Veracruz,"Magueyes, km 230",17:00,,,,0,Roban tractocamion,,,,,,,,,,,,,,
312,16/01/18,1/14/2018,Robo,Martes,Puebla,km 156,17:00,,,,4,Roban pipa con cumbustible,,,,,,,,,,,,,,
313,18/01/18,1/16/2018,Robo,Jueves,Puebla,Esperanza,3:00,,,,0,Roban tráiler con varilla,,,,,,,,,,,,,,
314,20/01/18,1/19/2018,Ejecución,Sábado,Veracruz,Km 269,7:00,,,,0,Persona Ejecutada,,,,,,,,,,,,,,
315,21/01/18,,Robo,Domingo,Puebla,Esperanza,3:00,,,,0,Roban camioneta con acumuladores,Auto neón,,,,,,,,,,,,,
316,21/01/18,1/19/2018,Enfrentamiento,Domingo,Puebla,Esperanza,23:00,,,,0,Enfrentamiento entre Policia Federal y Delincuententes,,,,,,,,,,,,,,
317,23/01/18,1/21/2018,Tren,Martes,Veracruz,"Vaquería-Puente Colorado, Acultzingo",21:00,,,,0,Enfrenteamient entre Fuerza Civil y Delicuentes que pretendían asaltar tren,,,,,,,,,,,,,,
318,26/01/18,1/22/2018,Robo,Viernes,Puebla,Palmar de Bravo,8:15,,,,0,Roban camioneta particular,,,,,,,,,,,,,,
319,26/01/18,1/22/2018,Robo,Viernes,Veracruz,"Sumidero, km 284",9:00,,,,0,Roban auto particular con maleta y $130K,,,,,,,,,,,,,,
320,28/01/18,1/26/2018,Tren,Domingo,Veracruz,"Vaquería-Puente Colorado, Acultzingo",23:30,,,,0,Enfrenteamient entre IPAX y Delicuentes que pretendían asaltar tren,,,,,,,,,,,,,,
321,30/01/18,1/28/2018,Tren,Martes,Veracruz,"El Mezquite, acultzingo",19:00,,,,0,Enfrenteamient entre IPAX y Delicuentes que pretendían asaltar tren,,,,,,,,,,,,,,
322,11/02/18,2/10/2018,Asalto,Domingo,Veracruz,La Joyita,20:30,,,,0,Asaltan a vehiculo de pasajeros,,,,,,,,,,,,,,
323,18/02/18,2/17/2018,Tren,Domingo,Veracruz,"Vaqueria II, Acultzingo",3:00,,,,0,Enfrenteamient entre IPAX y Delicuentes que pretendían asaltar tren,,,,,,,,,,,,,,
324,23/02/18,2/21/2018,Robo,Viernes,Veracruz,La Estancia,22:30,18.829573,-97.255900,,0,Roban tráiler,,,,,,,,,,,,,,
325,24/02/18,2/23/2018,Robo,Sábado,Veracruz,"Magueyes, km 230",3:00,,,,0,Roban tráiler con rollos de polietileno,,,,,,,,,,,,,,
326,05/03/18,3/2/2018,Robo,Lunes,Veracruz,Km 247,3:00,,,,0,Roban tráiler de transportista,,,,,,,,,,,,,,
327,15/03/18,3/14/2018,Robo,Lunes,Veracruz,km 227,3:00,,,,0,Enfrentamiento entre Policia Federal y Delincuentes que robaron 2 pipas con combustible y que fueron recuperadas inmediatamente,,,,,,,,,,,,,,
328,18/03/18,3/16/2018,Robo,Domingo,Veracruz,"Balastrera, km 248",3:00,18.816412,-97.234309,,0,Roban tráiler con abarrotes,,,,,,,,,,,,,,
329,20/03/18,3/19/2018,Tren,Martes,Veracruz,"Vaquería, Acultzingo",17:00,,,,0,Enfrenteamient entre IPAX y Delicuentes que pretendían asaltar tren,,,,,,,,,,,,,,
330,21/03/18,,Robo,Miércoles,Veracruz,km 198,3:00,,,,0,"Roban tráiler con piso, es recuperado",,,,,,,,,,,,,,
331,22/03/18,,Robo,Jueves,Veracruz,La Estancia,3:00,18.829573,-97.255900,,0,Roban tráiler con bobinas de cobre,,,,,,,,,,,,,,
332,26/03/18,3/25/2018,Robo,Lunes,Puebla,km 139,17:00,,,,0,Roban tráiler,,,,,,,,,,,,,,
333,26/03/18,3/24/2018,Asalto,Lunes,Veracruz,Curva de Nogales,21:00,,,,0,Asaltan a trailero en gasolinera,2 sujetos A bordo de motocicleta,,,,,,,,,,,,,
334,05/04/18,4/3/2018,Tren,Jueves,Veracruz,"Vaquería, Acultzingo",19:00,,,,0,Enfrenteamient entre IPAX y Delicuentes que asaltaron tren con diésel,,,,,,,,,,,,,,
335,07/04/18,,Robo,Sábado,Veracruz,"San Cristóbal, Huiloapan km 261",3:00,,,,0,Roban traáiler con velas,,,,,,,,,,,,,,
336,11/04/18,,Robo,Miércoles,Veracruz,La Estancia,3:00,18.829573,-97.255900,,0,Roban tráiler con Aceite y baterías para auto,,,,,,,,,,,,,,
337,12/04/18,4/9/2018,Tren,Jueves,Veracruz,"Vaquería, Acultzingo",21:00,,,,0,Enfrenteamient entre IPAX y Delicuentes que pretendían asaltar tren,,,,,,,,,,,,,,
338,13/04/18,4/12/2018,Tren,Viernes,Veracruz,"Vaquería, Acultzingo",3:00,,,,0,Enfrenteamient entre IPAX y Delicuentes que pretendían asaltar tren,,,,,,,,,,,,,,
339,14/04/18,4/13/2018,Tren,Sábado,Veracruz,"Vaquería, Acultzingo (km 273)",9:00,,,,0,Enfrenteamient entre IPAX y Delicuentes que pretendían asaltar tren,,,,,,,,,,,,,,
340,14/04/18,4/13/2018,Robo,Sábado,Veracruz,"Retén de PF, Río Blanco",3:00,,,,0,Roban camioneta particular,,,,,,,,,,,,,,
341,14/04/18,4/12/2018,Robo,Sábado,Veracruz,Orizaba-Córdoba,9:00,,,,0,Roban tráiler,,,,,,,,,,,,,,
342,15/04/18,4/14/2018,Tren,Domingo,Veracruz,"Vaquería, Acultzingo",7:00,,,,0,Enfrenteamient entre IPAX y Delicuentes que pretendían asaltar tren,,,,,,,,,,,,,,
343,15/04/18,4/13/2018,Robo,Domingo,Veracruz,"Balastrera, km 248",3:00,18.816412,-97.234309,,0,Roban tráiler con jugos,4 sujetos en una camioneta negra,,,,,,,,,,,,,
344,16/04/18,4/14/2018,Robo,Lunes,Veracruz,La Estancia,17:00,18.829573,-97.255900,,0,Roban tráiler con cerveza - Recuperan Carga,,,,,,,,,,,,,,
345,20/04/18,4/19/2018,Robo,Viernes,Veracruz,km 156,3:00,,,,0,Roban camioneta particular,,,,,,,,,,,,,,
346,25/04/18,4/21/2018,Robo,Miércoles,Veracruz,"Balastrera, km 248",3:00,18.816412,-97.234309,,0,Roban tráiler con papel higiénico,,,,,,,,,,,,,,
347,26/04/18,4/24/2018,Robo,Jueves,Veracruz,"Balastrera, km 248",19:00,18.816412,-97.234309,,5,Roban tráiler con zapatos,,,,,,,,,,,,,,
348,30/04/18,4/28/2018,Tren,Lunes,Veracruz,"El Mezquite, acultzingo",23:00,,,,0,Roban mercancia de tren que descarrilaron,,,,,,,,,,,,,,
349,02/05/18,4/30/2018,Tren,Miércoles,Veracruz,"Vaquería, Acultzingo",3:00,,,,0,Cortan vías del tren y roban mercancía del tren,,,,,,,,,,,,,,
350,04/05/18,5/3/2018,Tren,Viernes,Puebla,"Tepeaca, Puebla",7:00,,,,0,Delicuentes ponen piedra en vía para intentar asaltar tren,,,,,,,,,,,,,,
351,04/05/18,5/3/2018,Robo,Viernes,Veracruz,km 177,3:00,,,,0,Roban tráiler con sopa,,,,,,,,,,,,,,
352,04/05/18,5/3/2018,Secuestro,Viernes,Veracruz,Gasolinera del Encinar,13:00,,,,0,"Al frustrar robo de camioneta con alimentos, secuestran al chofer. Es rescatado horas después",,,,,,,,,,,,,,
353,04/05/18,,Robo,Sábado,Veracruz,"Gasolinera Las Gemelas, Orizaba km 272",17:00,18.847149,-97.073018,,2,Roban motocicleta,,,,,,,,,,,,,,
354,08/05/18,4/29/2018,Robo,Martes,Veracruz,Jalapilla,17:00,,,,0,Roban tráiler con enlatados,,,,,,,,,,,,,,
355,08/05/18,4/28/2018,Tren,Martes,Veracruz,Vaquería-El Mezquite,22:00,,,,0,Descarrilan tren con granos,,,,,,,,,,,,,,
356,08/05/18,4/30/2018,Tren,Martes,Veracruz,Vaquería-El Mezquite,3:00,,,,0,Descarrilan tren,,,,,,,,,,,,,,
357,08/05/18,5/2/2018,Tren,Martes,Puebla,"Tepeaca, Puebla",18:00,,,,0,Descarrilan tren con cemento,,,,,,,,,,,,,,
358,09/05/18,5/7/2018,Tren,Miércoles,Veracruz,Vaquería-El Mezquite,22:00,,,,0,"Descarrilan tren para asaltarlo, fuerzas policiacas frustran el robo",,,,,,,,,,,,,,
359,12/05/18,5/11/2018,Tren,Sábado,Veracruz,"Vaquería, Acultzingo (km 273)",3:00,,,,0,Descarrilan tren,,,,,,,,,,,,,,
360,12/05/18,5/11/2018,Robo,Sábado,Veracruz,"Magueyes, km 230",3:00,,,,0,Intentar robar tráiler y abren fuego contrla la unidad,,,,,,,,,,,,,,
361,14/05/18,5/13/2018,Tren,Lunes,Veracruz,"Puente Colorado, Acultzingo",3:00,,,,0,Descarrilan tren,,,,,,,,,,,,,,
362,17/05/18,5/16/2018,Tren,Jueves,Veracruz,"Vaquería, Acultzingo (km 273)",3:00,,,,0,Descarrilan tren,,,,,,,,,,,,,,
363,18/05/18,5/16/2018,Robo,Viernes,Veracruz,"Balastrera, km 248",9:00,18.816412,-97.234309,,0,Roban camión con lácteos,,,,,,,,,,,,,,
364,20/05/18,5/19/2018,Tren,Domingo,Veracruz,"Sur 20, Orizaba",3:30,,,,0,"Desacoplan vías y descarrilan tren con 300,000 toneladas de mercancía",,,,,,,,,,,,,,
365,20/05/18,5/19/2018,Robo,Domingo,Veracruz,km 226,4:00,,,,0,Detienen unidad con combustible robado,,,,,,,,,,,,,,
366,23/05/18,5/22/2018,Robo,Miércoles,Veracruz,"San Cristóbal, Huiloapan km 261",19:00,,,,0,Roban tráiler con 27ton de sal,,,,,,,,,,,,,,
367,07/06/18,6/7/2018,Robo,Jueves,Veracruz,Jalapilla,3:00,,,,0,Roban camión con consméticos,,,,,,,,,,,,,,
368,08/06/18,6/5/2018,Robo,Viernes,Veracruz,"Gasolinera Las Gemelas, Orizaba km 272",19:00,18.847149,-97.073018,,0,Roban tráiler con Aires Acondicionados,,,,,,,,,,,,,,
369,11/06/18,6/10/2018,Tren,Lunes,Veracruz,"Rancho Viejo, Nogales",11:00,,,,0,Entrentamiento entre PF y asaltatrenes,,,,,,,,,,,,,,
370,12/06/18,6/11/2018,Robo,Martes,Veracruz,La Estancia,5:00,18.829573,-97.255900,,0,Roban tractocamión con línea blanca,,,,,,,,,,,,,,
371,16/06/18,6/15/2018,Ejecución,Sábado,Veracruz,km 283,19:45,,,,0,Persona Ejecutada,,,,,,,,,,,,,,
372,22/06/18,6/15/2018,Robo,Viernes,Veracruz,km 278,3:00,,,,0,Roban tráiler con abarrotes,,,,,,,,,,,,,,
373,28/06/18,6/19/2018,Robo,Jueves,Veracruz,La Estancia,23:00,18.829573,-97.255900,,0,Roban camioneta con mercancía diversa en falso retén,,,,,,,,,,,,,,
374,29/06/18,6/26/2018,Enfrentamiento,Viernes,Veracruz,km 221,21:00,18.855254,-97.357540,,0,Enfrentamiento entre PF y delincuentes tras robar tráiler,,,,,,,,,,,,,,
375,02/07/18,6/28/2018,Robo,Lunes,Veracruz,km 270,14:00,,,,0,Roban camión con productos de Nestlé,,,,,,,,,,,,,,
376,02/07/18,6/28/2018,Robo,Lunes,Veracruz,km 270,18:00,,,,0,Roban camión con productos de Nestlé,,,,,,,,,,,,,,
377,02/07/18,6/29/2018,Robo,Lunes,Veracruz,"Primer tunel, cumbres de maltrata",14:00,,,,0,Roban Camioneta de transportista,,,,,,,,,,,,,,
378,02/07/18,6/28/2018,Robo,Lunes,Veracruz,Maltrata,17:00,18.823211,-97.247864,,0,Roban pipa,,,,,,,,,,,,,,
379,04/07/18,7/3/2018,Robo,Miércoles,Veracruz,km 268,15:00,,,,0,"Intentan robar tráiler, disparan al conductor, huyen",,,,,,,,,,,,,,
380,06/07/18,7/4/2018,Robo,Viernes,Puebla,Esperanza,22:00,,,,0,Roban tráiler,,,,,,,,,,,,,,
381,06/07/18,7/4/2018,Robo,Viernes,Veracruz,Hospital Regional,9:00,,,,0,Roban camión con 16 ton de frijol,,,,,,,,,,,,,,
382,10/07/18,7/9/2018,Robo,Martes,Puebla,km 181,4:00,,,,0,Roban camioneta particular,,,,,,,,,,,,,,
383,16/07/18,7/15/2018,Robo,Lunes,Puebla,"km 80, tecamachalco",3:00,,,,0,Roban camión con agua gasificada,,,,,,,,,,,,,,
384,22/07/18,7/20/2018,Robo,Domingo,Puebla,km 186,3:30,,,,0,Roban tráiler con Aceite Comestible,,,,,,,,,,,,,,
385,26/07/18,7/24/2018,Robo,Jueves,Veracruz,"Sumidero, km 284",11:00,,,,0,Frustran robo de tráiler de transportista,,,,,,,,,,,,,,
386,04/08/18,8/3/2018,Robo,Sábado,Veracruz,Jalapilla,9:00,,,,0,Roban tráiler,,,,,,,,,,,,,,
387,05/08/18,8/4/2018,Enfrentamiento,Domingo,Puebla,km 99,16:15,,,,1,Enfrentamiento entre Ejercito y delincuentes tras detener a un presunto líder criminal,,,,,,,,,,,,,,
388,25/08/18,8/2/2018,Tren,Sábado,Veracruz,km 273,21:00,,,,0,Roban baterías solares y radios de comunicación del tren,,,,,,,,,,,,,,
389,26/08/18,8/23/2018,Ejecución,Domingo,Veracruz,"Donato Guerra, Ixtaczoquitlán",3:00,,,,0,"Secuestran a mujer, la ejecutan",,,,,,,,,,,,,,
390,27/08/18,8/26/2018,Ejecución,Lunes,Veracruz,km 267,3:00,,,,0,Persona Ejecutada,,,,,,,,,,,,,,
391,30/08/18,8/29/2018,Enfrentamiento,Jueves,Veracruz,km 225,6:00,18.832306,-97.329236,,0,Enfrentamiento entre PF y delincuentes tras montar falso operativo,,,,,,,,,,,,,,
392,02/09/18,9/1/2018,Ejecución,Domingo,Veracruz,Esperanza - Mendoza,3:00,,,,0,"Montan falso operativo, el conductor acelera para no pararse y abren fuego los delincuentes asesinando al conductor",,,,,,,,,,,,,,
393,03/09/18,9/2/2018,Ejecución,Lunes,Veracruz,"Buenavista, km 280",14:30,,,,0,Ejecutan a trailero en su unidad. No robaron la carga,,,,,,,,,,,,,,
394,08/09/18,9/6/2018,Enfrentamiento,Sábado,Veracruz,km 224,23:30,18.835795,-97.336245,,0,"Montan falso operativo, el conductor acelera para no pararse y abren fuego los delincuentes",,,,,,,,,,,,,,
395,13/09/18,9/12/2018,Robo,Jueves,Veracruz,Esperanza - Mendoza,3:00,,,,3,Sorprenden in fraganti a 3 sujetos robando un tráiler,,,,,,,,,,,,,,
396,14/09/18,9/10/2018,Robo,Viernes,Veracruz,Puente de Jalapilla,16:00,,,,0,Roban camioneta con productos lácteos,,,,,,,,,,,,,,
397,22/09/18,9/19/2018,Robo,Sábado,Veracruz,Cumbres de Maltrata,17:00,,,,0,Roban tráiler con línea blanca,,,,,,,,,,,,,,
398,26/09/18,9/24/2018,Ejecución,Miércoles,Puebla,Esperanza,23:00,,,"18.8647691, -97.3731002",0,"Intentar robar tráiler. Asesinan a 1 sujeto, hieren a otro y secuestran a otro",,,,,,,,,,,,,,
399,03/10/18,10/2/2018,Enfrentamiento,Miércoles,Puebla,km 185,3:00,,,,0,Enfrentamiento entre Marina y delincuentes por operativo contra lider huachicolero,,,,,,,,,,,,,,
400,06/10/18,10/4/2018,Enfrentamiento,Sábado,Veracruz,Cumbres de Maltrata,12:30,,,,0,Apedrean a vehiculos depasajeros para asaltarlos,,,,,,,,,,,,,,
401,11/10/18,10/9/2018,Robo,Jueves,Veracruz,km 234,18:40,,,,0,"Montan falso operativo y roban tráiler, PF recupera la unidad robada",,,,,,,,,,,,,,
402,17/10/18,10/16/2018,Ejecución,Miércoles,Veracruz,km 184,21:30,,,,0,Ejecutan a trailero en su unidad. No robaron la carga,,,,,,,,,,,,,,
403,24/10/18,10/23/2018,Robo,Miércoles,Veracruz,Puente de Jalapilla,11:00,,,,0,Roban tráiler con electrodomésticos,,,,,,,,,,,,,,
404,27/10/18,10/26/2018,Robo,Sábado,Veracruz,Puente de Jalapilla,9:30,,,,0,Roban tráiler con electrodomésticos,,,,,,,,,,,,,,
405,28/10/18,10/27/2018,Secuestro,Domingo,Veracruz,km 285,3:00,,,,0,Abandonan unidad en autopista tras sustraer al conductor,,,,,,,,,,,,,,
406,03/11/18,11/1/2018,Enfrentamiento,Sábado,Veracruz,Maltrata,21:00,18.823211,-97.247864,,0,"Montan falso operativo y roban tráiler, PF recupera la unidad robada",,,,,,,,,,,,,,
407,13/11/18,11/12/2018,Enfrentamiento,Martes,Veracruz,km 271,18:45,,,,2,"Marcan alto a tráiler robado, al no obedecer abre fuego chocando la unidad",,,,,,,,,,,,,,
408,17/11/18,11/15/2018,Enfrentamiento,Sábado,Veracruz,km 197,18:00,,,,0,"Montan falso operativo, el conductor acelera para no pararse y abren fuego los delincuentes",,,,,,,,,,,,,,
409,19/11/18,11/17/2018,Robo,Lunes,Puebla,Acatzingo,17:00,,,,0,Roban tráiler de transportista,,,,,,,,,,,,,,
410,21/11/18,11/17/2018,Robo,Miércoles,Veracruz,Hospital Regional,17:00,,,,0,Roban camión con muebles,,,,,,,,,,,,,,
411,21/11/18,11/20/2018,Enfrentamiento,Miércoles,Puebla,km 175,21:00,,,,0,Grupo armado dispara a camión de carga,,,,,,,,,,,,,,
412,21/11/18,11/20/2018,Enfrentamiento,Miércoles,Puebla,km 202,21:00,,,,0,Grupo armado dispara a camión de carga,,,,,,,,,,,,,,
413,23/11/18,11/21/2018,Enfrentamiento,Viernes,Veracruz,Cumbres de Maltrata,3:00,,,,0,Grupo armado dispara a camión de carga,,,,,,,,,,,,,,
414,28/11/18,11/19/2018,Tren,Miércoles,Veracruz,"Pueblo de Nazareno, Acultzingo",16:00,,,,0,200 personas interceptan tren y lo asaltan llevandose la carga de llantas,,,,,,,,,,,,,,
415,05/12/18,12/4/2018,Enfrentamiento,Miércoles,Puebla,km 224,20:00,18.835795,-97.336245,,0,Enfrentamiento entre grupos delictivos rivales en un retén falso,,,,,,,,,,,,,,
416,08/12/18,12/7/2018,Tren,Sábado,Puebla,"San Pedro Temamatla, Ciudad Serdán",8:00,,,,0,Descarrillan tren para robarlo,,,,,,,,,,,,,,
417,18/12/18,12/15/2018,Asalto,Martes,Veracruz,Hospital Regional,12:00,,,,0,Asaltan a trailero,,,,,,,,,,,,,,
418,19/12/18,12/17/2018,Enfrentamiento,Miércoles,Puebla,Esperanza,21:30,,,,0,"Enfrentramiento entre PF y delincuentes, frustrab robo de tractocamión",,,,,,,,,,,,,,
419,22/12/18,12/20/2018,Robo,Sábado,Veracruz,Cumbres de Maltrata,18:00,,,,0,Roban camioneta con articulos para celulares,,,,,,,,,,,,,,
420,04/01/19,12/29/2018,Robo,Viernes,Veracruz,Cumbres de Maltrata,21:00,,,,0,Roban automovil particular,,,,,,,,,,,,,,
421,05/01/19,1/4/2019,Enfrentamiento,Sábado,Puebla,km 187,19:00,,,,1,Pobaladores enfrentan a delincuentes al intentar robar tráiler,,,,,,,,,,,,,,
422,06/01/19,1/4/2019,Robo,Domingo,Puebla,Esperanza,23:00,,,,0,Roban unidad pero al no poder enfilarla a camino de terracería la abandonan,,,,,,,,,,,,,,
423,11/01/19,1/10/2019,Robo,Viernes,Puebla,km 177,16:30,,,,0,"Balean unidad al intentar robarla, asesinan al chofer y choca la unidad, por lo que delincuentes abandonan el sitio",,,,,,,,,,,,,,
424,17/01/19,1/16/2019,Tren,Jueves,Veracruz,"Ojo de agua, acultzingo",9:00,,,,0,Frustran robo de tren elementos de IPAX,,,,,,,,,,,,,,
425,26/01/19,1/25/2019,Enfrentamiento,Sábado,Puebla,km 163,5:30,,,,0,"Enfrentamiento entre PF y delincuentes, frustan robo de trailer",,,,,,,,,,,,,,
426,29/01/19,1/28/2019,Toma Clandestina,Martes,Puebla,km 163,9:30,,,,0,Incendio de toma clandestina de gas,,,,,,,,,,,,,,
427,03/02/19,,Robo,Domingo,Veracruz,Cumbres de Maltrata,3:00,,,,0,Roban automovil particular,,,,,,,,,,,,,,
428,07/02/19,2/6/2019,Asalto,Jueves,Puebla,Antes de la caseta de Amozoc,8:00,,,,0,Asaltan a vehiculo de pasajeros,,,,,,,,,,,,,,
429,14/02/19,,Robo,Jueves,Veracruz,"Magueyes, km 230",3:00,,,,0,Roban camión con tanques de gas,,,,,,,,,,,,,,
430,16/02/19,2/14/2019,Robo,Sábado,Veracruz,"Magueyes, km 230",8:00,,,,0,Roban tráiler con baterias de cocina,,,,,,,,,,,,,,
431,17/02/19,2/16/2019,Robo,Domingo,Veracruz,"Maltrata, km 226",3:00,,,,0,Roban camioneta de compañá telefónica en falso retén,,,,,,,,,,,,,,
432,01/03/19,,Robo,Viernes,Veracruz,Cumbres de Maltrata,3:00,,,,0,Roban tráiler,,,,,,,,,,,,,,
433,06/03/19,3/5/2019,Ejecución,Miércoles,Veracruz,km 256,16:00,,,,0,Persona Ejecutada,,,,,,,,,,,,,,
434,13/03/19,3/12/2019,Robo,Miércoles,Veracruz,"Magueyes, km 230",9:00,,,,0,Roban camioneta en falso retén,,,,,,,,,,,,,,
435,27/03/19,3/26/2019,Enfrentamiento,Miércoles,Puebla,km 210,8:30,,,,0,Enfrentamiento entre PF y delincuentes,,,,,,,,,,,,,,
436,07/04/19,4/6/2019,Robo,Domingo,Veracruz,Hospital Regional,10:00,,,,0,Roban tráiler con electrodomésticos,,,,,,,,,,,,,,
437,07/04/19,,Robo,Domingo,Puebla,Esperanza -Magueyes,3:00,,,,0,Roban automovil particular,,,,,,,,,,,,,,
438,12/04/19,4/11/2019,Asalto,Viernes,Veracruz,Hospital Regional,16:30,,,,0,Asaltan gasolinera ubicada cerca del Hospital Regional,,,,,,,,,,,,,,
439,13/04/19,4/9/2019,Robo,Sábado,Puebla,Acatzingo,18:30,,,,0,Roban camioneta particular en falso retén,,,,,,,,,,,,,,
440,13/04/19,4/9/2019,Robo,Sábado,Puebla,km 179,22:30,,,,0,Roban tráiler camioneta con falsos policias,,,,,,,,,,,,,,
441,14/04/19,4/9/2019,Enfrentamiento,Domingo,Puebla,km 222,20:00,,,,0,Enfrentamiento entre PF y asaltatrailers; frustan robo de unidad,,,,,,,,,,,,,,
442,27/04/19,,Robo,Sábado,Veracruz,"Balastrera, km 248",3:00,18.816412,-97.234309,,0,Roban tráiler con cerdos,,,,,,,,,,,,,,
443,30/04/19,4/26/2019,Enfrentamiento,Martes,Veracruz,"Magueyes, km 230",22:00,,,,0,Enfrentamiento entre PF y asaltatrailers; frustan robo de 2 unidades,,,,,,,,,,,,,,
444,03/05/19,4/30/2019,Robo,Viernes,Veracruz,Esperanza - Maltrata,3:00,,,,0,Roban camión con bicicletas deportivas,20 asaltantes,,,,,,,,,,,,,
445,03/05/19,5/2/2019,Robo,Viernes,Puebla,km 164,6:50,,,,0,Roban tráiler con equipo musical,20 asaltantes,,,,,,,,,,,,,
446,17/05/19,5/15/2019,Robo,Viernes,Veracruz,Puente de Jalapilla,16:00,,,,0,Roban trailer con cerveza,,,,,,,,,,,,,,
447,20/05/19,5/18/2019,Robo,Lunes,Puebla,Acatzingo,23:30,,,,0,Roban tráiler de transportista,,,,,,,,,,,,,,
448,29/05/19,5/28/2019,Robo,Miércoles,Veracruz,"Balastrera, km 248",3:00,18.816412,-97.234309,,0,Roban tráiler con jugos,,,,,,,,,,,,,,
449,29/05/19,5/28/2019,Enfrentamiento,Miércoles,Puebla,Caseta de Esperanza,20:00,,,,0,Enfrentamiento entre PF y asaltatrailers,,,,,,,,,,,,,,
450,31/05/19,5/30/2019,Enfrentamiento,Viernes,Veracruz,Laguna de Nogales,14:00,,,,2,Enfrentamiento entre PF y secuestradores,,,,,,,,,,,,,,
451,02/06/19,5/30/2019,Enfrentamiento,Domingo,Veracruz,"Magueyes, km 230",12:00,,,,0,Enfrentamiento entre PF y asaltatrailers,,,,,,,,,,,,,,
452,04/06/19,6/1/2019,Robo,Martes,Veracruz,"Magueyes, km 230",14:00,,,,0,Roban camioneta particular de lujo,,,,,,,,,,,,,,
453,05/06/19,6/2/2019,Robo,Miércoles,Veracruz,"Magueyes, km 230",3:00,,,,0,Roban camioneta particular de lujo,,,,,,,,,,,,,,
454,08/06/19,6/7/2019,Ejecución,Sábado,Veracruz,Rio Blanco - Nogales,2:00,,,,0,2 presonas ejecutadas,,,,,,,,,,,,,,
455,08/06/19,6/6/2019,Tren,Sábado,Veracruz,"Vaquería, Acultzngo",22:00,,,,0,Frustran robo a un tren con varilla,,,,,,,,,,,,,,
456,10/06/19,6/8/2019,Secuestro,Lunes,Veracruz,PIVO,14:00,,,,0,Secuestran a sujeto,,,,,,,,,,,,,,
457,12/06/19,6/11/2019,Secuestro,Miércoles,Veracruz,"Santos Degollado, Mendoza",7:00,,,,0,Secuestran a sujeto,,,,,,,,,,,,,,
458,13/06/19,6/11/2019,Robo,Jueves,Veracruz,Caseta de Fortín,11:30,,,,0,Roban camión con arroz y frijol,,,,,,,,,,,,,,
459,18/06/19,6/17/2019,Asalto,Martes,Veracruz,km 223,19:00,,,,0,Asaltan a vehiculos,,,,,,,,,,,,,,
460,19/06/19,6/18/2019,Robo,Miércoles,Veracruz,Entronque a Oaxaca,17:00,,,,0,Roban tráiler,,,,,,,,,,,,,,
461,24/06/19,6/22/2019,Robo,Lunes,Veracruz,km 284,23:30,,,,0,Roban camión con abarrotes,,,,,,,,,,,,,,
462,27/06/19,6/26/2019,Secuestro,Jueves,Veracruz,"Gasolinera Las Gemelas, Orizaba km 272",21:00,18.847149,-97.073018,,0,Secuestran a trailero,,,,,,,,,,,,,,
463,28/06/19,6/27/2019,Robo,Viernes,Puebla,km 226,11:00,,,,0,Roban camión con sopa,,,,,,,,,,,,,,
464,29/06/19,6/27/2019,Robo,Sábado,Puebla,Acatzingo,21:00,,,,0,Roban tráiler,,,,,,,,,,,,,,
465,29/06/19,6/27/2019,Robo,Sábado,Puebla,km 174,22:30,,,,0,Roban tráiler,,,,,,,,,,,,,,
466,29/06/19,6/27/2019,Robo,Sábado,Puebla,km 165,23:30,,,,0,Frustran robo de tráiler,,,,,,,,,,,,,,
467,29/06/19,6/28/2019,Asalto,Sábado,Puebla,km 163,8:10,,,,0,Asalto a camión,,,,,,,,,,,,,,
468,01/07/19,7/31/2019,Enfrentamiento,Lunes,Veracruz,La Estancia,12:00,18.829573,-97.255900,,4,Enfrentamiento entre policia estatal y delincuentes,,,,,,,,,,,,,,
469,01/07/19,7/5/2019,Robo,Lunes,Veracruz,Fortín,3:00,,,,0,Roban tráiler con refacciones,,,,,,,,,,,,,,
470,02/07/19,7/1/2019,Robo,Martes,Veracruz,Maltrata,3:00,18.823211,-97.247864,,0,"Roban tráiler con mayonesa, Policia lo rescata. Delincuentes lo recuperan y roban la carga",,,,,,,,,,,,,,
471,05/07/19,7/3/2019,Tren,Viernes,Veracruz,"La Pera, Acultzingo",16:30,,,,0,Enfrentamiento entre IPAX y asaltatrenes,,,,,,,,,,,,,,
472,07/07/19,7/6/2019,Ejecución,Domingo,Veracruz,km 238,14:00,,,,0,Persona Ejecutada,,,,,,,,,,,,,,
473,13/07/19,7/11/2019,Robo,Sábado,Veracruz,km 173,21:15,,,,0,PF frustra robo de tráiler,,,,,,,,,,,,,,
474,13/07/19,7/12/2019,Robo,Sábado,Veracruz,km 166,5:30,,,,0,PF frustra robo de tráiler,,,,,,,,,,,,,,
475,16/07/19,7/15/2019,Robo,Martes,Veracruz,km 234,10:00,,,,7,Detienen a sujetos que pretendían robar tráiler accidentado,,,,,,,,,,,,,,
476,18/07/19,7/17/2019,Asalto,Jueves,Puebla,Caseta de Esperanza,9:00,,,,0,Frustran asalto a camioneta oficial con alcalde de Acultzingo,,,,,,,,,,,,,,
477,20/07/19,7/19/2019,Robo,Sábado,Puebla,km 177,5:50,,,,0,Frustra PF robo de tráiler,,,,,,,,,,,,,,
478,22/07/19,7/20/2019,Asalto,Lunes,Veracruz,"Balastrera, km 248",16:00,18.816412,-97.234309,,0,Asaltan a familia al detenerse en restaurant,,,,,,,,,,,,,,
479,28/07/19,7/27/2019,Ejecución,Domingo,Puebla,km 197,3:00,,,,0,Ejecutan a trailero en su unidad. No robaron la carga,,,,,,,,,,,,,,
480,28/07/19,,Tren,Domingo,Veracruz,"Vaquería, Acultzingo",3:00,,,,0,Roban tren,,,,,,,,,,,,,,
481,01/08/19,7/29/2019,Robo,Jueves,Veracruz,"Maltrata, km 228",3:00,18.828540,-97.304777,,0,Roban camioneta particular,,,,,,,,,,,,,,
482,05/08/19,8/3/2019,Ejecución,Lunes,Veracruz,km 175,23:20,,,,0,Ejecutan a trailero al huir de asalto,,,,,,,,,,,,,,
483,07/08/19,8/4/2019,Asalto,Miércoles,Veracruz,Nogales,20:00,,,,0,Asaltan a empleados al orillarse,,,,,,,,,,,,,,
484,09/08/19,8/8/2019,Ejecución,Viernes,Veracruz,km 243,15:30,,,,0,4 personas ejecutadas,,,,,,,,,,,,,,
485,13/08/19,,Robo,Martes,Veracruz,"Balastrera, km 248",19:00,18.816412,-97.234309,,0,Roban tráiler con aceite automotríz,,,,,,,,,,,,,,
486,21/08/19,8/19/2019,Robo,Miércoles,Puebla,Caseta de Esperanza,9:00,,,,0,Roban vehículo particular tras disparar al conductor,,,,,,,,,,,,,,
487,21/08/19,8/19/2019,Robo,Miércoles,Veracruz,La Estancia,13:30,18.829573,-97.255900,,0,Roban tráiler con cerveza,,,,,,,,,,,,,,
488,02/09/19,8/20/2019,Robo,Lunes,Veracruz,Trébol de escamela,7:00,,,,0,Roban tráiler con papelería,,,,,,,,,,,,,,
489,04/09/19,9/2/2019,Robo,Miércoles,Veracruz,Trébol de escamela,23:45,,,,0,Frustran robo de tráiler,,,,,,,,,,,,,,
490,05/09/19,9/4/2019,Ejecución,Jueves,Veracruz,km 267,19:00,,,,0,Persona Ejecutada,,,,,,,,,,,,,,
491,08/09/19,9/7/2019,Robo,Domingo,Veracruz,"Magueyes, km 230",3:00,,,,0,Roban camioneta particular,,,,,,,,,,,,,,
492,13/09/19,9/12/2019,Ejecución,Viernes,Veracruz,Caseta de Fortín,15:45,,,,0,Persona Ejecutada,,,,,,,,,,,,,,
493,21/09/19,9/20/2019,Robo,Sábado,Veracruz,km 227,3:00,,,,0,"Frustran robo de 2 tráileres, delincuentes vuelcan las unidades y rapiñeros roban la carga",,,,,,,,,,,,,,
494,28/09/19,9/27/2019,Tren,Miércoles,Veracruz,"El Mezquite, acultzingo",4:00,,,,0,Enfrentamiento entre IPAX y asaltatrenes,,,,,,,,,,,,,,
495,12/10/19,10/11/2019,Tren,Sábado,Puebla,"San diego, tepeaca",9:00,,,,0,Frustran asalto a tren,,,,,,,,,,,,,,
496,14/10/19,10/10/2019,Robo,Lunes,Veracruz,Maltrata,9:00,18.823211,-97.247864,,0,Roban camión con carnes frías,,,,,,,,,,,,,,
497,24/10/19,10/23/2019,Robo,Jueves,Veracruz,"Ignacio Zaragoza, Nogales, km 262",9:00,,,,0,Roban camión con cacahuates,,,,,,,,,,,,,,
498,25/10/19,10/24/2019,Enfrentamiento,Viernes,Puebla,Caseta de Esperanza,3:00,,,,0,Enfrentamiento entre PF y asaltatrailers tras reporte de robo,,,,,,,,,,,,,,
499,04/11/19,11/3/2019,Asalto,Lunes,Veracruz,km 278,21:45,,,,0,Asaltan autobus de pasajeros,,,,,,,,,,,,,,
500,07/11/19,,Robo,Jueves,Veracruz,Maltrata,18:00,,,,0,Roban camioneta con productos lácteos,,,,,,,,,,,,,,
501,13/11/19,11/12/2019,Asalto,Miércoles,Veracruz,km 291,19:15,,,,0,Balena a sujeto que se resistió a un asalto,,,,,,,,,,,,,,
502,15/11/19,,Robo,Viernes,Veracruz,"Buenavista, km 280",3:00,,,,0,Roban camioneta con mariscos,,,,,,,,,,,,,,
503,17/11/19,11/15/2019,Robo,Domingo,Veracruz,Maltrata,18:30,,,,0,Roban camioneta particular en falso retén,,,,,,,,,,,,,,
504,19/11/19,11/17/2019,Asalto,Martes,Veracruz,"Ciencias Químicas, Orizaba",22:00,,,,0,Asaltan autobus de pasajeros,,,,,,,,,,,,,,
505,21/11/19,,Robo,Jueves,Veracruz,"Magueyes, km 230",3:00,,,,0,Roban camioneta particular en falso retén,,,,,,,,,,,,,,
506,22/11/19,11/20/2019,Robo,Viernes,Veracruz,"Magueyes, km 230",20:00,,,,0,Roban camioneta particular en falso retén,,,,,,,,,,,,,,
507,23/11/19,11/22/2019,Robo,Sábado,Veracruz,La Estancia,23:00,18.829573,-97.255900,,0,Roban camioneta particular en falso retén,,,,,,,,,,,,,,
508,03/12/19,11/30/2019,Robo,Martes,Veracruz,Fortín,9:00,,,,1,Roban tráiler con abarrotes,,,,,,,,,,,,,,
509,16/12/19,12/15/2019,Asalto,Lunes,Veracruz,Mirador del Metlac,12:00,,,,0,Asaltan a sujetos que se detuvieron en el mirador del puente,,,,,,,,,,,,,,
,,,,,,Promedio,11:06:41,,,,,,,,,,,,,,,,,,,
,,,,,,Moda,3:00:00,,,,,,,,,,,,,,,,,,,
,,,,,,,,,,,,,,,,,,,,,,,,,,
,,,,,,,,,,,,,,,,,,,,,,,,,,
,,,,,,,,,,,,,,,,,,,,,,,,,,
,,,,,,,,,,,,,,,,,,,,,,,,,,
,,,,,,,,,,,,,,,,,,,,,,,,,,
,,,,,,,,,,,,,,,,,,,,,,,,,,
,,,,,,,,,,,,,,,,,,,,,,,,,,
,,,,,,,,,,,,,,,,,,,,,,,,,,
,,,,,,,,,,,,,,,,,,,,,,,,,,
,,,,,,,,,,,,,,,,,,,,,,,,,,
,,,,,,,,,,,,,,,,,,,,,,,,,,
,,,,,,,,,,,,,,,,,,,,,,,,,,
,,,,,,,,,,,,,,,,,,,,,,,,,,
,,,,,,,,,,,,,,,,,,,,,,,,,,
,,,,,,,,,,,,,,,,,,,,,,,,,,
,,,,,,,,,,,,,,,,,,,,,,,,,,
,,,,,,,,,,,,,,,,,,,,,,,,,,
,,,,,,,,,,,,,,,,,,,,,,,,,,
,,,,,,,,,,,,,,,,,,,,,,,,,,
,,,,,,,,,,,,,,,,,,,,,,,,,,
,,,,,,,,,,,,,,,,,,,,,,,,,,
,,,,,,,,,,,,,,,,,,,,,,,,,,
,,,,,,,,,,,,,,,,,,,,,,,,,,
,,,,,,,,,,,,,,,,,,,,,,,,,,
,,,,,,,,,,,,,,,,,,,,,,,,,,
,,,,,,,,,,,,,,,,,,,,,,,,,,
,,,,,,,,,,,,,,,,,,,,,,,,,,
,,,,,,,,,,,,,,,,,,,,,,,,,,
,,,,,,,,,,,,,,,,,,,,,,,,,,
,,,,,,,,,,,,,,,,,,,,,,,,,,
,,,,,,,,,,,,,,,,,,,,,,,,,,
,,,,,,,,,,,,,,,,,,,,,,,,,,
,,,,,,,,,,,,,,,,,,,,,,,,,,
,,,,,,,,,,,,,,,,,,,,,,,,,,
,,,,,,,,,,,,,,,,,,,,,,,,,,
,,,,,,,,,,,,,,,,,,,,,,,,,,
,,,,,,,,,,,,,,,,,,,,,,,,,,
,,,,,,,,,,,,,,,,,,,,,,,,,,
,,,,,,,,,,,,,,,,,,,,,,,,,,
,,,,,,,,,,,,,,,,,,,,,,,,,,
,,,,,,,,,,,,,,,,,,,,,,,,,,
,,,,,,,,,,,,,,,,,,,,,,,,,,
,,,,,,,,,,,,,,,,,,,,,,,,,,
,,,,,,,,,,,,,,,,,,,,,,,,,,
,,,,,,,,,,,,,,,,,,,,,,,,,,
,,,,,,,,,,,,,,,,,,,,,,,,,,
,,,,,,,,,,,,,,,,,,,,,,,,,,
,,,,,,,,,,,,,,,,,,,,,,,,,,
,,,,,,,,,,,,,,,,,,,,,,,,,,
,,,,,,,,,,,,,,,,,,,,,,,,,,
,,,,,,,,,,,,,,,,,,,,,,,,,,
,,,,,,,,,,,,,,,,,,,,,,,,,,
,,,,,,,,,,,,,,,,,,,,,,,,,,
,,,,,,,,,,,,,,,,,,,,,,,,,,
,,,,,,,,,,,,,,,,,,,,,,,,,,
,,,,,,,,,,,,,,,,,,,,,,,,,,
,,,,,,,,,,,,,,,,,,,,,,,,,,
,,,,,,,,,,,,,,,,,,,,,,,,,,
,,,,,,,,,,,,,,,,,,,,,,,,,,
,,,,,,,,,,,,,,,,,,,,,,,,,,
,,,,,,,,,,,,,,,,,,,,,,,,,,
,,,,,,,,,,,,,,,,,,,,,,,,,,
,,,,,,,,,,,,,,,,,,,,,,,,,,
,,,,,,,,,,,,,,,,,,,,,,,,,,
,,,,,,,,,,,,,,,,,,,,,,,,,,
,,,,,,,,,,,,,,,,,,,,,,,,,,
,,,,,,,,,,,,,,,,,,,,,,,,,,
,,,,,,,,,,,,,,,,,,,,,,,,,,
,,,,,,,,,,,,,,,,,,,,,,,,,,
,,,,,,,,,,,,,,,,,,,,,,,,,,
,,,,,,,,,,,,,,,,,,,,,,,,,,
,,,,,,,,,,,,,,,,,,,,,,,,,,
,,,,,,,,,,,,,,,,,,,,,,,,,,
,,,,,,,,,,,,,,,,,,,,,,,,,,
,,,,,,,,,,,,,,,,,,,,,,,,,,
,,,,,,,,,,,,,,,,,,,,,,,,,,
,,,,,,,,,,,,,,,,,,,,,,,,,,
,,,,,,,,,,,,,,,,,,,,,,,,,,
,,,,,,,,,,,,,,,,,,,,,,,,,,
,,,,,,,,,,,,,,,,,,,,,,,,,,
,,,,,,,,,,,,,,,,,,,,,,,,,,
,,,,,,,,,,,,,,,,,,,,,,,,,,
,,,,,,,,,,,,,,,,,,,,,,,,,,
,,,,,,,,,,,,,,,,,,,,,,,,,,
,,,,,,,,,,,,,,,,,,,,,,,,,,
,,,,,,,,,,,,,,,,,,,,,,,,,,
,,,,,,,,,,,,,,,,,,,,,,,,,,
,,,,,,,,,,,,,,,,,,,,,,,,,,
,,,,,,,,,,,,,,,,,,,,,,,,,,
,,,,,,,,,,,,,,,,,,,,,,,,,,
,,,,,,,,,,,,,,,,,,,,,,,,,,
,,,,,,,,,,,,,,,,,,,,,,,,,,
,,,,,,,,,,,,,,,,,,,,,,,,,,
,,,,,,,,,,,,,,,,,,,,,,,,,,
,,,,,,,,,,,,,,,,,,,,,,,,,,
,,,,,,,,,,,,,,,,,,,,,,,,,,
,,,,,,,,,,,,,,,,,,,,,,,,,,
,,,,,,,,,,,,,,,,,,,,,,,,,,
,,,,,,,,,,,,,,,,,,,,,,,,,,
,,,,,,,,,,,,,,,,,,,,,,,,,,
,,,,,,,,,,,,,,,,,,,,,,,,,,
,,,,,,,,,,,,,,,,,,,,,,,,,,
,,,,,,,,,,,,,,,,,,,,,,,,,,
,,,,,,,,,,,,,,,,,,,,,,,,,,
,,,,,,,,,,,,,,,,,,,,,,,,,,
,,,,,,,,,,,,,,,,,,,,,,,,,,
,,,,,,,,,,,,,,,,,,,,,,,,,,
,,,,,,,,,,,,,,,,,,,,,,,,,,
,,,,,,,,,,,,,,,,,,,,,,,,,,
,,,,,,,,,,,,,,,,,,,,,,,,,,
,,,,,,,,,,,,,,,,,,,,,,,,,,
,,,,,,,,,,,,,,,,,,,,,,,,,,
,,,,,,,,,,,,,,,,,,,,,,,,,,
,,,,,,,,,,,,,,,,,,,,,,,,,,
,,,,,,,,,,,,,,,,,,,,,,,,,,
,,,,,,,,,,,,,,,,,,,,,,,,,,
,,,,,,,,,,,,,,,,,,,,,,,,,,
,,,,,,,,,,,,,,,,,,,,,,,,,,
,,,,,,,,,,,,,,,,,,,,,,,,,,
,,,,,,,,,,,,,,,,,,,,,,,,,,
,,,,,,,,,,,,,,,,,,,,,,,,,,
,,,,,,,,,,,,,,,,,,,,,,,,,,
,,,,,,,,,,,,,,,,,,,,,,,,,,
,,,,,,,,,,,,,,,,,,,,,,,,,,
,,,,,,,,,,,,,,,,,,,,,,,,,,
,,,,,,,,,,,,,,,,,,,,,,,,,,
,,,,,,,,,,,,,,,,,,,,,,,,,,
,,,,,,,,,,,,,,,,,,,,,,,,,,
,,,,,,,,,,,,,,,,,,,,,,,,,,
,,,,,,,,,,,,,,,,,,,,,,,,,,
,,,,,,,,,,,,,,,,,,,,,,,,,,
,,,,,,,,,,,,,,,,,,,,,,,,,,
,,,,,,,,,,,,,,,,,,,,,,,,,,
,,,,,,,,,,,,,,,,,,,,,,,,,,
,,,,,,,,,,,,,,,,,,,,,,,,,,
,,,,,,,,,,,,,,,,,,,,,,,,,,
,,,,,,,,,,,,,,,,,,,,,,,,,,
,,,,,,,,,,,,,,,,,,,,,,,,,,
,,,,,,,,,,,,,,,,,,,,,,,,,,
,,,,,,,,,,,,,,,,,,,,,,,,,,
,,,,,,,,,,,,,,,,,,,,,,,,,,
,,,,,,,,,,,,,,,,,,,,,,,,,,
,,,,,,,,,,,,,,,,,,,,,,,,,,
,,,,,,,,,,,,,,,,,,,,,,,,,,
,,,,,,,,,,,,,,,,,,,,,,,,,,
,,,,,,,,,,,,,,,,,,,,,,,,,,
,,,,,,,,,,,,,,,,,,,,,,,,,,
,,,,,,,,,,,,,,,,,,,,,,,,,,
,,,,,,,,,,,,,,,,,,,,,,,,,,
,,,,,,,,,,,,,,,,,,,,,,,,,,
,,,,,,,,,,,,,,,,,,,,,,,,,,
,,,,,,,,,,,,,,,,,,,,,,,,,,
,,,,,,,,,,,,,,,,,,,,,,,,,,
,,,,,,,,,,,,,,,,,,,,,,,,,,
,,,,,,,,,,,,,,,,,,,,,,,,,,
,,,,,,,,,,,,,,,,,,,,,,,,,,
,,,,,,,,,,,,,,,,,,,,,,,,,,
,,,,,,,,,,,,,,,,,,,,,,,,,,
,,,,,,,,,,,,,,,,,,,,,,,,,,
,,,,,,,,,,,,,,,,,,,,,,,,,,
,,,,,,,,,,,,,,,,,,,,,,,,,,
,,,,,,,,,,,,,,,,,,,,,,,,,,
,,,,,,,,,,,,,,,,,,,,,,,,,,
,,,,,,,,,,,,,,,,,,,,,,,,,,
,,,,,,,,,,,,,,,,,,,,,,,,,,
,,,,,,,,,,,,,,,,,,,,,,,,,,
,,,,,,,,,,,,,,,,,,,,,,,,,,
,,,,,,,,,,,,,,,,,,,,,,,,,,
,,,,,,,,,,,,,,,,,,,,,,,,,,
,,,,,,,,,,,,,,,,,,,,,,,,,,
,,,,,,,,,,,,,,,,,,,,,,,,,,
,,,,,,,,,,,,,,,,,,,,,,,,,,
,,,,,,,,,,,,,,,,,,,,,,,,,,
,,,,,,,,,,,,,,,,,,,,,,,,,,
,,,,,,,,,,,,,,,,,,,,,,,,,,
,,,,,,,,,,,,,,,,,,,,,,,,,,
,,,,,,,,,,,,,,,,,,,,,,,,,,
,,,,,,,,,,,,,,,,,,,,,,,,,,
,,,,,,,,,,,,,,,,,,,,,,,,,,
,,,,,,,,,,,,,,,,,,,,,,,,,,
,,,,,,,,,,,,,,,,,,,,,,,,,,
,,,,,,,,,,,,,,,,,,,,,,,,,,
,,,,,,,,,,,,,,,,,,,,,,,,,,
,,,,,,,,,,,,,,,,,,,,,,,,,,
,,,,,,,,,,,,,,,,,,,,,,,,,,
,,,,,,,,,,,,,,,,,,,,,,,,,,
,,,,,,,,,,,,,,,,,,,,,,,,,,
,,,,,,,,,,,,,,,,,,,,,,,,,,
,,,,,,,,,,,,,,,,,,,,,,,,,,
,,,,,,,,,,,,,,,,,,,,,,,,,,
,,,,,,,,,,,,,,,,,,,,,,,,,,
,,,,,,,,,,,,,,,,,,,,,,,,,,
,,,,,,,,,,,,,,,,,,,,,,,,,,
,,,,,,,,,,,,,,,,,,,,,,,,,,
,,,,,,,,,,,,,,,,,,,,,,,,,,
,,,,,,,,,,,,,,,,,,,,,,,,,,
,,,,,,,,,,,,,,,,,,,,,,,,,,
,,,,,,,,,,,,,,,,,,,,,,,,,,
,,,,,,,,,,,,,,,,,,,,,,,,,,
,,,,,,,,,,,,,,,,,,,,,,,,,,
,,,,,,,,,,,,,,,,,,,,,,,,,,
,,,,,,,,,,,,,,,,,,,,,,,,,,
,,,,,,,,,,,,,,,,,,,,,,,,,,
,,,,,,,,,,,,,,,,,,,,,,,,,,
,,,,,,,,,,,,,,,,,,,,,,,,,,
,,,,,,,,,,,,,,,,,,,,,,,,,,
,,,,,,,,,,,,,,,,,,,,,,,,,,
,,,,,,,,,,,,,,,,,,,,,,,,,,
,,,,,,,,,,,,,,,,,,,,,,,,,,
,,,,,,,,,,,,,,,,,,,,,,,,,,
,,,,,,,,,,,,,,,,,,,,,,,,,,
,,,,,,,,,,,,,,,,,,,,,,,,,,
,,,,,,,,,,,,,,,,,,,,,,,,,,
,,,,,,,,,,,,,,,,,,,,,,,,,,
,,,,,,,,,,,,,,,,,,,,,,,,,,
,,,,,,,,,,,,,,,,,,,,,,,,,,
,,,,,,,,,,,,,,,,,,,,,,,,,,
,,,,,,,,,,,,,,,,,,,,,,,,,,
,,,,,,,,,,,,,,,,,,,,,,,,,,
,,,,,,,,,,,,,,,,,,,,,,,,,,
,,,,,,,,,,,,,,,,,,,,,,,,,,
,,,,,,,,,,,,,,,,,,,,,,,,,,
,,,,,,,,,,,,,,,,,,,,,,,,,,
,,,,,,,,,,,,,,,,,,,,,,,,,,
,,,,,,,,,,,,,,,,,,,,,,,,,,
,,,,,,,,,,,,,,,,,,,,,,,,,,
,,,,,,,,,,,,,,,,,,,,,,,,,,
,,,,,,,,,,,,,,,,,,,,,,,,,,
,,,,,,,,,,,,,,,,,,,,,,,,,,
,,,,,,,,,,,,,,,,,,,,,,,,,,
,,,,,,,,,,,,,,,,,,,,,,,,,,
,,,,,,,,,,,,,,,,,,,,,,,,,,
,,,,,,,,,,,,,,,,,,,,,,,,,,
,,,,,,,,,,,,,,,,,,,,,,,,,,
,,,,,,,,,,,,,,,,,,,,,,,,,,
,,,,,,,,,,,,,,,,,,,,,,,,,,
,,,,,,,,,,,,,,,,,,,,,,,,,,
,,,,,,,,,,,,,,,,,,,,,,,,,,
,,,,,,,,,,,,,,,,,,,,,,,,,,
,,,,,,,,,,,,,,,,,,,,,,,,,,
,,,,,,,,,,,,,,,,,,,,,,,,,,
,,,,,,,,,,,,,,,,,,,,,,,,,,
,,,,,,,,,,,,,,,,,,,,,,,,,,
,,,,,,,,,,,,,,,,,,,,,,,,,,
,,,,,,,,,,,,,,,,,,,,,,,,,,
,,,,,,,,,,,,,,,,,,,,,,,,,,
,,,,,,,,,,,,,,,,,,,,,,,,,,
,,,,,,,,,,,,,,,,,,,,,,,,,,
,,,,,,,,,,,,,,,,,,,,,,,,,,
,,,,,,,,,,,,,,,,,,,,,,,,,,
,,,,,,,,,,,,,,,,,,,,,,,,,,
,,,,,,,,,,,,,,,,,,,,,,,,,,
,,,,,,,,,,,,,,,,,,,,,,,,,,
,,,,,,,,,,,,,,,,,,,,,,,,,,
,,,,,,,,,,,,,,,,,,,,,,,,,,
,,,,,,,,,,,,,,,,,,,,,,,,,,
,,,,,,,,,,,,,,,,,,,,,,,,,,
,,,,,,,,,,,,,,,,,,,,,,,,,,
,,,,,,,,,,,,,,,,,,,,,,,,,,
,,,,,,,,,,,,,,,,,,,,,,,,,,
,,,,,,,,,,,,,,,,,,,,,,,,,,
,,,,,,,,,,,,,,,,,,,,,,,,,,
,,,,,,,,,,,,,,,,,,,,,,,,,,
,,,,,,,,,,,,,,,,,,,,,,,,,,
,,,,,,,,,,,,,,,,,,,,,,,,,,
,,,,,,,,,,,,,,,,,,,,,,,,,,
,,,,,,,,,,,,,,,,,,,,,,,,,,
,,,,,,,,,,,,,,,,,,,,,,,,,,
,,,,,,,,,,,,,,,,,,,,,,,,,,
,,,,,,,,,,,,,,,,,,,,,,,,,,
,,,,,,,,,,,,,,,,,,,,,,,,,,
,,,,,,,,,,,,,,,,,,,,,,,,,,
,,,,,,,,,,,,,,,,,,,,,,,,,,
,,,,,,,,,,,,,,,,,,,,,,,,,,
,,,,,,,,,,,,,,,,,,,,,,,,,,
,,,,,,,,,,,,,,,,,,,,,,,,,,
,,,,,,,,,,,,,,,,,,,,,,,,,,
,,,,,,,,,,,,,,,,,,,,,,,,,,
,,,,,,,,,,,,,,,,,,,,,,,,,,
,,,,,,,,,,,,,,,,,,,,,,,,,,
,,,,,,,,,,,,,,,,,,,,,,,,,,
,,,,,,,,,,,,,,,,,,,,,,,,,,
,,,,,,,,,,,,,,,,,,,,,,,,,,
,,,,,,,,,,,,,,,,,,,,,,,,,,
,,,,,,,,,,,,,,,,,,,,,,,,,,
,,,,,,,,,,,,,,,,,,,,,,,,,,
,,,,,,,,,,,,,,,,,,,,,,,,,,
,,,,,,,,,,,,,,,,,,,,,,,,,,
,,,,,,,,,,,,,,,,,,,,,,,,,,
,,,,,,,,,,,,,,,,,,,,,,,,,,
,,,,,,,,,,,,,,,,,,,,,,,,,,
,,,,,,,,,,,,,,,,,,,,,,,,,,
,,,,,,,,,,,,,,,,,,,,,,,,,,
,,,,,,,,,,,,,,,,,,,,,,,,,,
,,,,,,,,,,,,,,,,,,,,,,,,,,
,,,,,,,,,,,,,,,,,,,,,,,,,,
,,,,,,,,,,,,,,,,,,,,,,,,,,
,,,,,,,,,,,,,,,,,,,,,,,,,,
,,,,,,,,,,,,,,,,,,,,,,,,,,
,,,,,,,,,,,,,,,,,,,,,,,,,,
,,,,,,,,,,,,,,,,,,,,,,,,,,
,,,,,,,,,,,,,,,,,,,,,,,,,,
,,,,,,,,,,,,,,,,,,,,,,,,,,
,,,,,,,,,,,,,,,,,,,,,,,,,,
,,,,,,,,,,,,,,,,,,,,,,,,,,
,,,,,,,,,,,,,,,,,,,,,,,,,,
,,,,,,,,,,,,,,,,,,,,,,,,,,
,,,,,,,,,,,,,,,,,,,,,,,,,,
,,,,,,,,,,,,,,,,,,,,,,,,,,
,,,,,,,,,,,,,,,,,,,,,,,,,,
,,,,,,,,,,,,,,,,,,,,,,,,,,
,,,,,,,,,,,,,,,,,,,,,,,,,,
,,,,,,,,,,,,,,,,,,,,,,,,,,
,,,,,,,,,,,,,,,,,,,,,,,,,,
,,,,,,,,,,,,,,,,,,,,,,,,,,
,,,,,,,,,,,,,,,,,,,,,,,,,,
,,,,,,,,,,,,,,,,,,,,,,,,,,
,,,,,,,,,,,,,,,,,,,,,,,,,,
,,,,,,,,,,,,,,,,,,,,,,,,,,
,,,,,,,,,,,,,,,,,,,,,,,,,,
,,,,,,,,,,,,,,,,,,,,,,,,,,
,,,,,,,,,,,,,,,,,,,,,,,,,,
,,,,,,,,,,,,,,,,,,,,,,,,,,
,,,,,,,,,,,,,,,,,,,,,,,,,,
,,,,,,,,,,,,,,,,,,,,,,,,,,
,,,,,,,,,,,,,,,,,,,,,,,,,,
,,,,,,,,,,,,,,,,,,,,,,,,,,
,,,,,,,,,,,,,,,,,,,,,,,,,,
,,,,,,,,,,,,,,,,,,,,,,,,,,
,,,,,,,,,,,,,,,,,,,,,,,,,,
,,,,,,,,,,,,,,,,,,,,,,,,,,
,,,,,,,,,,,,,,,,,,,,,,,,,,
,,,,,,,,,,,,,,,,,,,,,,,,,,
,,,,,,,,,,,,,,,,,,,,,,,,,,
,,,,,,,,,,,,,,,,,,,,,,,,,,
,,,,,,,,,,,,,,,,,,,,,,,,,,
,,,,,,,,,,,,,,,,,,,,,,,,,,
,,,,,,,,,,,,,,,,,,,,,,,,,,
,,,,,,,,,,,,,,,,,,,,,,,,,,
,,,,,,,,,,,,,,,,,,,,,,,,,,
,,,,,,,,,,,,,,,,,,,,,,,,,,
,,,,,,,,,,,,,,,,,,,,,,,,,,
,,,,,,,,,,,,,,,,,,,,,,,,,,
,,,,,,,,,,,,,,,,,,,,,,,,,,
,,,,,,,,,,,,,,,,,,,,,,,,,,
,,,,,,,,,,,,,,,,,,,,,,,,,,
,,,,,,,,,,,,,,,,,,,,,,,,,,
,,,,,,,,,,,,,,,,,,,,,,,,,,
,,,,,,,,,,,,,,,,,,,,,,,,,,
,,,,,,,,,,,,,,,,,,,,,,,,,,
,,,,,,,,,,,,,,,,,,,,,,,,,,
,,,,,,,,,,,,,,,,,,,,,,,,,,
,,,,,,,,,,,,,,,,,,,,,,,,,,
,,,,,,,,,,,,,,,,,,,,,,,,,,
,,,,,,,,,,,,,,,,,,,,,,,,,,
,,,,,,,,,,,,,,,,,,,,,,,,,,
,,,,,,,,,,,,,,,,,,,,,,,,,,
,,,,,,,,,,,,,,,,,,,,,,,,,,
,,,,,,,,,,,,,,,,,,,,,,,,,,
,,,,,,,,,,,,,,,,,,,,,,,,,,
,,,,,,,,,,,,,,,,,,,,,,,,,,
,,,,,,,,,,,,,,,,,,,,,,,,,,
,,,,,,,,,,,,,,,,,,,,,,,,,,
,,,,,,,,,,,,,,,,,,,,,,,,,,
,,,,,,,,,,,,,,,,,,,,,,,,,,
,,,,,,,,,,,,,,,,,,,,,,,,,,
,,,,,,,,,,,,,,,,,,,,,,,,,,
,,,,,,,,,,,,,,,,,,,,,,,,,,
,,,,,,,,,,,,,,,,,,,,,,,,,,
,,,,,,,,,,,,,,,,,,,,,,,,,,
,,,,,,,,,,,,,,,,,,,,,,,,,,
,,,,,,,,,,,,,,,,,,,,,,,,,,
,,,,,,,,,,,,,,,,,,,,,,,,,,
,,,,,,,,,,,,,,,,,,,,,,,,,,
,,,,,,,,,,,,,,,,,,,,,,,,,,
,,,,,,,,,,,,,,,,,,,,,,,,,,
,,,,,,,,,,,,,,,,,,,,,,,,,,
,,,,,,,,,,,,,,,,,,,,,,,,,,
,,,,,,,,,,,,,,,,,,,,,,,,,,
,,,,,,,,,,,,,,,,,,,,,,,,,,
,,,,,,,,,,,,,,,,,,,,,,,,,,
,,,,,,,,,,,,,,,,,,,,,,,,,,
,,,,,,,,,,,,,,,,,,,,,,,,,,
,,,,,,,,,,,,,,,,,,,,,,,,,,
,,,,,,,,,,,,,,,,,,,,,,,,,,
,,,,,,,,,,,,,,,,,,,,,,,,,,
,,,,,,,,,,,,,,,,,,,,,,,,,,
,,,,,,,,,,,,,,,,,,,,,,,,,,
,,,,,,,,,,,,,,,,,,,,,,,,,,
,,,,,,,,,,,,,,,,,,,,,,,,,,
,,,,,,,,,,,,,,,,,,,,,,,,,,
,,,,,,,,,,,,,,,,,,,,,,,,,,
,,,,,,,,,,,,,,,,,,,,,,,,,,
,,,,,,,,,,,,,,,,,,,,,,,,,,
,,,,,,,,,,,,,,,,,,,,,,,,,,
,,,,,,,,,,,,,,,,,,,,,,,,,,
,,,,,,,,,,,,,,,,,,,,,,,,,,
,,,,,,,,,,,,,,,,,,,,,,,,,,
,,,,,,,,,,,,,,,,,,,,,,,,,,
,,,,,,,,,,,,,,,,,,,,,,,,,,
,,,,,,,,,,,,,,,,,,,,,,,,,,
,,,,,,,,,,,,,,,,,,,,,,,,,,
,,,,,,,,,,,,,,,,,,,,,,,,,,
,,,,,,,,,,,,,,,,,,,,,,,,,,
,,,,,,,,,,,,,,,,,,,,,,,,,,
,,,,,,,,,,,,,,,,,,,,,,,,,,
,,,,,,,,,,,,,,,,,,,,,,,,,,
,,,,,,,,,,,,,,,,,,,,,,,,,,
,,,,,,,,,,,,,,,,,,,,,,,,,,
,,,,,,,,,,,,,,,,,,,,,,,,,,
,,,,,,,,,,,,,,,,,,,,,,,,,,
,,,,,,,,,,,,,,,,,,,,,,,,,,
,,,,,,,,,,,,,,,,,,,,,,,,,,
,,,,,,,,,,,,,,,,,,,,,,,,,,
,,,,,,,,,,,,,,,,,,,,,,,,,,
,,,,,,,,,,,,,,,,,,,,,,,,,,
,,,,,,,,,,,,,,,,,,,,,,,,,,
,,,,,,,,,,,,,,,,,,,,,,,,,,
,,,,,,,,,,,,,,,,,,,,,,,,,,
,,,,,,,,,,,,,,,,,,,,,,,,,,
,,,,,,,,,,,,,,,,,,,,,,,,,,
,,,,,,,,,,,,,,,,,,,,,,,,,,
,,,,,,,,,,,,,,,,,,,,,,,,,,
,,,,,,,,,,,,,,,,,,,,,,,,,,
,,,,,,,,,,,,,,,,,,,,,,,,,,
,,,,,,,,,,,,,,,,,,,,,,,,,,
,,,,,,,,,,,,,,,,,,,,,,,,,,
,,,,,,,,,,,,,,,,,,,,,,,,,,
,,,,,,,,,,,,,,,,,,,,,,,,,,
,,,,,,,,,,,,,,,,,,,,,,,,,,
,,,,,,,,,,,,,,,,,,,,,,,,,,
,,,,,,,,,,,,,,,,,,,,,,,,,,
,,,,,,,,,,,,,,,,,,,,,,,,,,
,,,,,,,,,,,,,,,,,,,,,,,,,,
,,,,,,,,,,,,,,,,,,,,,,,,,,
,,,,,,,,,,,,,,,,,,,,,,,,,,
,,,,,,,,,,,,,,,,,,,,,,,,,,
,,,,,,,,,,,,,,,,,,,,,,,,,,
,,,,,,,,,,,,,,,,,,,,,,,,,,
,,,,,,,,,,,,,,,,,,,,,,,,,,
,,,,,,,,,,,,,,,,,,,,,,,,,,
,,,,,,,,,,,,,,,,,,,,,,,,,,
,,,,,,,,,,,,,,,,,,,,,,,,,,
,,,,,,,,,,,,,,,,,,,,,,,,,,
,,,,,,,,,,,,,,,,,,,,,,,,,,
,,,,,,,,,,,,,,,,,,,,,,,,,,
,,,,,,,,,,,,,,,,,,,,,,,,,,
,,,,,,,,,,,,,,,,,,,,,,,,,,
,,,,,,,,,,,,,,,,,,,,,,,,,,
,,,,,,,,,,,,,,,,,,,,,,,,,,
,,,,,,,,,,,,,,,,,,,,,,,,,,
,,,,,,,,,,,,,,,,,,,,,,,,,,
,,,,,,,,,,,,,,,,,,,,,,,,,,
,,,,,,,,,,,,,,,,,,,,,,,,,,
,,,,,,,,,,,,,,,,,,,,,,,,,,
,,,,,,,,,,,,,,,,,,,,,,,,,,
,,,,,,,,,,,,,,,,,,,,,,,,,,
,,,,,,,,,,,,,,,,,,,,,,,,,,
,,,,,,,,,,,,,,,,,,,,,,,,,,
,,,,,,,,,,,,,,,,,,,,,,,,,,
,,,,,,,,,,,,,,,,,,,,,,,,,,
,,,,,,,,,,,,,,,,,,,,,,,,,,
,,,,,,,,,,,,,,,,,,,,,,,,,,
,,,,,,,,,,,,,,,,,,,,,,,,,,
,,,,,,,,,,,,,,,,,,,,,,,,,,
,,,,,,,,,,,,,,,,,,,,,,,,,,
,,,,,,,,,,,,,,,,,,,,,,,,,,
,,,,,,,,,,,,,,,,,,,,,,,,,,
,,,,,,,,,,,,,,,,,,,,,,,,,,
,,,,,,,,,,,,,,,,,,,,,,,,,,
,,,,,,,,,,,,,,,,,,,,,,,,,,
,,,,,,,,,,,,,,,,,,,,,,,,,,
,,,,,,,,,,,,,,,,,,,,,,,,,,
,,,,,,,,,,,,,,,,,,,,,,,,,,
,,,,,,,,,,,,,,,,,,,,,,,,,,
,,,,,,,,,,,,,,,,,,,,,,,,,,
,,,,,,,,,,,,,,,,,,,,,,,,,,
,,,,,,,,,,,,,,,,,,,,,,,,,,
,,,,,,,,,,,,,,,,,,,,,,,,,,
,,,,,,,,,,,,,,,,,,,,,,,,,,
,,,,,,,,,,,,,,,,,,,,,,,,,,
,,,,,,,,,,,,,,,,,,,,,,,,,,
,,,,,,,,,,,,,,,,,,,,,,,,,,
,,,,,,,,,,,,,,,,,,,,,,,,,,
,,,,,,,,,,,,,,,,,,,,,,,,,,
,,,,,,,,,,,,,,,,,,,,,,,,,,